"No.","Collection Period","Collection Start Time","Value","Unit"
"1","Total energy yield","","3482.82","kWh"
"2","1 Hour","2018-07-27 16:00:00","10.90","kWh"
"3","1 Hour","2018-07-27 17:00:00","8.25","kWh"
"4","1 Hour","2018-07-27 18:00:00","2.71","kWh"
"5","1 Hour","2018-07-27 19:00:00","2.27","kWh"
"6","1 Hour","2018-07-27 20:00:00","0.65","kWh"
"7","1 Hour","2018-07-27 21:00:00","0.00","kWh"
"8","1 Hour","2018-07-27 22:00:00","0.00","kWh"
"9","1 Hour","2018-07-27 23:00:00","0.00","kWh"
"10","1 Hour","2018-07-28 00:00:00","0.00","kWh"
"11","1 Hour","2018-07-28 01:00:00","0.00","kWh"
"12","1 Hour","2018-07-28 02:00:00","0.00","kWh"
"13","1 Hour","2018-07-28 03:00:00","0.00","kWh"
"14","1 Hour","2018-07-28 04:00:00","0.00","kWh"
"15","1 Hour","2018-07-28 05:00:00","0.01","kWh"
"16","1 Hour","2018-07-28 06:00:00","0.45","kWh"
"17","1 Hour","2018-07-28 07:00:00","0.71","kWh"
"18","1 Hour","2018-07-28 08:00:00","2.30","kWh"
"19","1 Hour","2018-07-28 09:00:00","3.76","kWh"
"20","1 Hour","2018-07-28 10:00:00","3.84","kWh"
"21","1 Hour","2018-07-28 11:00:00","6.29","kWh"
"22","1 Hour","2018-07-28 12:00:00","4.95","kWh"
"23","1 Hour","2018-07-28 13:00:00","13.25","kWh"
"24","1 Hour","2018-07-28 14:00:00","12.84","kWh"
"25","1 Hour","2018-07-28 15:00:00","15.15","kWh"
"26","1 Hour","2018-07-28 16:00:00","9.12","kWh"
"27","1 Hour","2018-07-28 17:00:00","11.00","kWh"
"28","1 Hour","2018-07-28 18:00:00","7.43","kWh"
"29","1 Hour","2018-07-28 19:00:00","1.32","kWh"
"30","1 Hour","2018-07-28 20:00:00","0.13","kWh"
"31","1 Hour","2018-07-28 21:00:00","0.00","kWh"
"32","1 Hour","2018-07-28 22:00:00","0.00","kWh"
"33","1 Hour","2018-07-28 23:00:00","0.00","kWh"
"34","1 Hour","2018-07-29 00:00:00","0.00","kWh"
"35","1 Hour","2018-07-29 01:00:00","0.00","kWh"
"36","1 Hour","2018-07-29 02:00:00","0.00","kWh"
"37","1 Hour","2018-07-29 03:00:00","0.00","kWh"
"38","1 Hour","2018-07-29 04:00:00","0.00","kWh"
"39","1 Hour","2018-07-29 05:00:00","0.05","kWh"
"40","1 Hour","2018-07-29 06:00:00","0.97","kWh"
"41","1 Hour","2018-07-29 07:00:00","4.13","kWh"
"42","1 Hour","2018-07-29 08:00:00","8.59","kWh"
"43","1 Hour","2018-07-29 09:00:00","13.80","kWh"
"44","1 Hour","2018-07-29 10:00:00","18.35","kWh"
"45","1 Hour","2018-07-29 11:00:00","21.24","kWh"
"46","1 Hour","2018-07-29 12:00:00","22.68","kWh"
"47","1 Hour","2018-07-29 13:00:00","23.78","kWh"
"48","1 Hour","2018-07-29 14:00:00","21.29","kWh"
"49","1 Hour","2018-07-29 15:00:00","19.63","kWh"
"50","1 Hour","2018-07-29 16:00:00","13.17","kWh"
"51","1 Hour","2018-07-29 17:00:00","1.68","kWh"
"52","1 Hour","2018-07-29 18:00:00","1.69","kWh"
"53","1 Hour","2018-07-29 19:00:00","2.08","kWh"
"54","1 Hour","2018-07-29 20:00:00","0.20","kWh"
"55","1 Hour","2018-07-29 21:00:00","0.00","kWh"
"56","1 Hour","2018-07-29 22:00:00","0.00","kWh"
"57","1 Hour","2018-07-29 23:00:00","0.00","kWh"
"58","1 Hour","2018-07-30 00:00:00","0.00","kWh"
"59","1 Hour","2018-07-30 01:00:00","0.00","kWh"
"60","1 Hour","2018-07-30 02:00:00","0.00","kWh"
"61","1 Hour","2018-07-30 03:00:00","0.00","kWh"
"62","1 Hour","2018-07-30 04:00:00","0.00","kWh"
"63","1 Hour","2018-07-30 05:00:00","0.03","kWh"
"64","1 Hour","2018-07-30 06:00:00","1.24","kWh"
"65","1 Hour","2018-07-30 07:00:00","2.83","kWh"
"66","1 Hour","2018-07-30 08:00:00","1.38","kWh"
"67","1 Hour","2018-07-30 09:00:00","3.15","kWh"
"68","1 Hour","2018-07-30 10:00:00","4.00","kWh"
"69","1 Hour","2018-07-30 11:00:00","4.83","kWh"
"70","1 Hour","2018-07-30 12:00:00","8.99","kWh"
"71","1 Hour","2018-07-30 13:00:00","18.25","kWh"
"72","1 Hour","2018-07-30 14:00:00","14.28","kWh"
"73","1 Hour","2018-07-30 15:00:00","10.32","kWh"
"74","1 Hour","2018-07-30 16:00:00","11.41","kWh"
"75","1 Hour","2018-07-30 17:00:00","10.88","kWh"
"76","1 Hour","2018-07-30 18:00:00","3.43","kWh"
"77","1 Hour","2018-07-30 19:00:00","3.18","kWh"
"78","1 Hour","2018-07-30 20:00:00","0.00","kWh"
"79","1 Hour","2018-07-30 21:00:00","0.00","kWh"
"80","1 Hour","2018-07-30 22:00:00","0.00","kWh"
"81","1 Hour","2018-07-30 23:00:00","0.00","kWh"
"82","1 Hour","2018-07-31 00:00:00","0.00","kWh"
"83","1 Hour","2018-07-31 01:00:00","0.00","kWh"
"84","1 Hour","2018-07-31 02:00:00","0.00","kWh"
"85","1 Hour","2018-07-31 03:00:00","0.00","kWh"
"86","1 Hour","2018-07-31 04:00:00","0.00","kWh"
"87","1 Hour","2018-07-31 05:00:00","0.00","kWh"
"88","1 Hour","2018-07-31 06:00:00","0.00","kWh"
"89","1 Hour","2018-07-31 07:00:00","0.00","kWh"
"90","1 Hour","2018-07-31 08:00:00","2.05","kWh"
"91","1 Hour","2018-07-31 09:00:00","5.72","kWh"
"92","1 Hour","2018-07-31 10:00:00","7.48","kWh"
"93","1 Hour","2018-07-31 11:00:00","13.77","kWh"
"94","1 Hour","2018-07-31 12:00:00","17.72","kWh"
"95","1 Hour","2018-07-31 13:00:00","16.51","kWh"
"96","1 Hour","2018-07-31 14:00:00","1.23","kWh"
"97","1 Hour","2018-07-31 15:00:00","6.70","kWh"
"98","1 Hour","2018-07-31 16:00:00","11.52","kWh"
"99","1 Hour","2018-07-31 17:00:00","10.21","kWh"
"100","1 Hour","2018-07-31 18:00:00","5.53","kWh"
"101","1 Hour","2018-07-31 19:00:00","1.02","kWh"
"102","1 Hour","2018-07-31 20:00:00","0.17","kWh"
"103","1 Hour","2018-07-31 21:00:00","0.00","kWh"
"104","1 Hour","2018-07-31 22:00:00","0.00","kWh"
"105","1 Hour","2018-07-31 23:00:00","0.00","kWh"
"106","1 Hour","2018-08-01 00:00:00","0.00","kWh"
"107","1 Hour","2018-08-01 01:00:00","0.00","kWh"
"108","1 Hour","2018-08-01 02:00:00","0.00","kWh"
"109","1 Hour","2018-08-01 03:00:00","0.00","kWh"
"110","1 Hour","2018-08-01 04:00:00","0.00","kWh"
"111","1 Hour","2018-08-01 05:00:00","0.02","kWh"
"112","1 Hour","2018-08-01 06:00:00","0.45","kWh"
"113","1 Hour","2018-08-01 07:00:00","2.63","kWh"
"114","1 Hour","2018-08-01 08:00:00","6.86","kWh"
"115","1 Hour","2018-08-01 09:00:00","7.53","kWh"
"116","1 Hour","2018-08-01 10:00:00","0.00","kWh"
"117","1 Hour","2018-08-01 11:00:00","0.00","kWh"
"118","1 Hour","2018-08-01 12:00:00","0.00","kWh"
"119","1 Hour","2018-08-01 13:00:00","0.00","kWh"
"120","1 Hour","2018-08-01 14:00:00","0.00","kWh"
"121","1 Hour","2018-08-01 15:00:00","0.00","kWh"
"122","1 Hour","2018-08-01 16:00:00","0.00","kWh"
"123","1 Hour","2018-08-01 17:00:00","0.00","kWh"
"124","1 Hour","2018-08-01 18:00:00","0.00","kWh"
"125","1 Hour","2018-08-01 19:00:00","0.00","kWh"
"126","1 Hour","2018-08-01 20:00:00","0.00","kWh"
"127","1 Hour","2018-08-01 21:00:00","0.00","kWh"
"128","1 Hour","2018-08-01 22:00:00","0.00","kWh"
"129","1 Hour","2018-08-01 23:00:00","0.00","kWh"
"130","1 Hour","2018-08-02 00:00:00","0.00","kWh"
"131","1 Hour","2018-08-02 01:00:00","0.00","kWh"
"132","1 Hour","2018-08-02 02:00:00","0.00","kWh"
"133","1 Hour","2018-08-02 03:00:00","0.00","kWh"
"134","1 Hour","2018-08-02 04:00:00","0.00","kWh"
"135","1 Hour","2018-08-02 05:00:00","0.01","kWh"
"136","1 Hour","2018-08-02 06:00:00","0.91","kWh"
"137","1 Hour","2018-08-02 07:00:00","2.83","kWh"
"138","1 Hour","2018-08-02 08:00:00","8.96","kWh"
"139","1 Hour","2018-08-02 09:00:00","13.90","kWh"
"140","1 Hour","2018-08-02 10:00:00","17.99","kWh"
"141","1 Hour","2018-08-02 11:00:00","10.59","kWh"
"142","1 Hour","2018-08-02 12:00:00","3.20","kWh"
"143","1 Hour","2018-08-02 13:00:00","4.31","kWh"
"144","1 Hour","2018-08-02 14:00:00","4.64","kWh"
"145","1 Hour","2018-08-02 15:00:00","3.63","kWh"
"146","1 Hour","2018-08-02 16:00:00","0.00","kWh"
"147","1 Hour","2018-08-03 17:00:00","0.98","kWh"
"148","1 Hour","2018-08-03 18:00:00","0.54","kWh"
"149","1 Hour","2018-08-03 19:00:00","0.42","kWh"
"150","1 Hour","2018-08-03 20:00:00","0.06","kWh"
"151","1 Hour","2018-08-03 21:00:00","0.00","kWh"
"152","1 Hour","2018-08-03 22:00:00","0.00","kWh"
"153","1 Hour","2018-08-03 23:00:00","0.00","kWh"
"154","1 Hour","2018-08-04 00:00:00","0.00","kWh"
"155","1 Hour","2018-08-04 01:00:00","0.00","kWh"
"156","1 Hour","2018-08-04 02:00:00","0.00","kWh"
"157","1 Hour","2018-08-04 03:00:00","0.00","kWh"
"158","1 Hour","2018-08-04 04:00:00","0.00","kWh"
"159","1 Hour","2018-08-04 05:00:00","0.02","kWh"
"160","1 Hour","2018-08-04 06:00:00","0.63","kWh"
"161","1 Hour","2018-08-04 07:00:00","2.92","kWh"
"162","1 Hour","2018-08-04 08:00:00","6.23","kWh"
"163","1 Hour","2018-08-04 09:00:00","0.44","kWh"
"164","1 Hour","2018-08-04 10:00:00","0.00","kWh"
"165","1 Hour","2018-08-04 11:00:00","0.00","kWh"
"166","1 Hour","2018-08-04 12:00:00","0.00","kWh"
"167","1 Hour","2018-08-04 13:00:00","0.00","kWh"
"168","1 Hour","2018-08-04 14:00:00","3.98","kWh"
"169","1 Hour","2018-08-04 15:00:00","5.24","kWh"
"170","1 Hour","2018-08-04 16:00:00","4.15","kWh"
"171","1 Hour","2018-08-04 17:00:00","0.88","kWh"
"172","1 Hour","2018-08-04 18:00:00","0.74","kWh"
"173","1 Hour","2018-08-04 19:00:00","0.24","kWh"
"174","1 Hour","2018-08-04 20:00:00","0.01","kWh"
"175","1 Hour","2018-08-04 21:00:00","0.00","kWh"
"176","1 Hour","2018-08-04 22:00:00","0.00","kWh"
"177","1 Hour","2018-08-04 23:00:00","0.00","kWh"
"178","1 Hour","2018-08-05 00:00:00","0.00","kWh"
"179","1 Hour","2018-08-05 01:00:00","0.00","kWh"
"180","1 Hour","2018-08-05 02:00:00","0.00","kWh"
"181","1 Hour","2018-08-05 03:00:00","0.00","kWh"
"182","1 Hour","2018-08-05 04:00:00","0.00","kWh"
"183","1 Hour","2018-08-05 05:00:00","0.00","kWh"
"184","1 Hour","2018-08-05 06:00:00","0.11","kWh"
"185","1 Hour","2018-08-05 07:00:00","0.60","kWh"
"186","1 Hour","2018-08-05 08:00:00","2.07","kWh"
"187","1 Hour","2018-08-05 09:00:00","3.57","kWh"
"188","1 Hour","2018-08-05 10:00:00","4.51","kWh"
"189","1 Hour","2018-08-05 11:00:00","5.58","kWh"
"190","1 Hour","2018-08-05 12:00:00","5.56","kWh"
"191","1 Hour","2018-08-05 13:00:00","5.03","kWh"
"192","1 Hour","2018-08-05 14:00:00","3.41","kWh"
"193","1 Hour","2018-08-05 15:00:00","4.40","kWh"
"194","1 Hour","2018-08-05 16:00:00","4.24","kWh"
"195","1 Hour","2018-08-05 17:00:00","2.85","kWh"
"196","1 Hour","2018-08-05 18:00:00","0.78","kWh"
"197","1 Hour","2018-08-05 19:00:00","0.17","kWh"
"198","1 Hour","2018-08-05 20:00:00","0.04","kWh"
"199","1 Hour","2018-08-05 21:00:00","0.00","kWh"
"200","1 Hour","2018-08-05 22:00:00","0.00","kWh"
"201","1 Hour","2018-08-05 23:00:00","0.00","kWh"
"202","1 Hour","2018-08-06 00:00:00","0.00","kWh"
"203","1 Hour","2018-08-06 01:00:00","0.00","kWh"
"204","1 Hour","2018-08-06 02:00:00","0.00","kWh"
"205","1 Hour","2018-08-06 03:00:00","0.00","kWh"
"206","1 Hour","2018-08-06 04:00:00","0.00","kWh"
"207","1 Hour","2018-08-06 05:00:00","0.00","kWh"
"208","1 Hour","2018-08-06 06:00:00","0.29","kWh"
"209","1 Hour","2018-08-06 07:00:00","0.80","kWh"
"210","1 Hour","2018-08-06 08:00:00","2.49","kWh"
"211","1 Hour","2018-08-06 09:00:00","3.84","kWh"
"212","1 Hour","2018-08-06 10:00:00","5.14","kWh"
"213","1 Hour","2018-08-06 11:00:00","5.99","kWh"
"214","1 Hour","2018-08-06 12:00:00","5.39","kWh"
"215","1 Hour","2018-08-06 13:00:00","6.64","kWh"
"216","1 Hour","2018-08-06 14:00:00","6.28","kWh"
"217","1 Hour","2018-08-06 15:00:00","5.66","kWh"
"218","1 Hour","2018-08-06 16:00:00","4.47","kWh"
"219","1 Hour","2018-08-06 17:00:00","2.97","kWh"
"220","1 Hour","2018-08-06 18:00:00","1.08","kWh"
"221","1 Hour","2018-08-06 19:00:00","0.04","kWh"
"222","1 Hour","2018-08-06 20:00:00","0.00","kWh"
"223","1 Hour","2018-08-06 21:00:00","0.00","kWh"
"224","1 Hour","2018-08-06 22:00:00","0.00","kWh"
"225","1 Hour","2018-08-06 23:00:00","0.00","kWh"
"226","1 Hour","2018-08-07 00:00:00","0.00","kWh"
"227","1 Hour","2018-08-07 01:00:00","0.00","kWh"
"228","1 Hour","2018-08-07 02:00:00","0.00","kWh"
"229","1 Hour","2018-08-07 03:00:00","0.00","kWh"
"230","1 Hour","2018-08-07 04:00:00","0.00","kWh"
"231","1 Hour","2018-08-07 05:00:00","0.00","kWh"
"232","1 Hour","2018-08-07 06:00:00","0.00","kWh"
"233","1 Hour","2018-08-07 07:00:00","0.00","kWh"
"234","1 Hour","2018-08-07 08:00:00","0.00","kWh"
"235","1 Hour","2018-08-07 09:00:00","0.00","kWh"
"236","1 Hour","2018-08-07 10:00:00","0.00","kWh"
"237","1 Hour","2018-08-07 11:00:00","0.00","kWh"
"238","1 Hour","2018-08-07 12:00:00","0.00","kWh"
"239","1 Hour","2018-08-07 13:00:00","0.00","kWh"
"240","1 Hour","2018-08-07 14:00:00","0.00","kWh"
"241","1 Hour","2018-08-07 15:00:00","0.00","kWh"
"242","1 Hour","2018-08-07 16:00:00","0.00","kWh"
"243","1 Hour","2018-08-07 17:00:00","0.00","kWh"
"244","1 Hour","2018-08-07 18:00:00","0.00","kWh"
"245","1 Hour","2018-08-07 19:00:00","0.00","kWh"
"246","1 Hour","2018-08-07 20:00:00","0.00","kWh"
"247","1 Hour","2018-08-07 21:00:00","0.00","kWh"
"248","1 Hour","2018-08-07 22:00:00","0.00","kWh"
"249","1 Hour","2018-08-07 23:00:00","0.00","kWh"
"250","1 Hour","2018-08-08 00:00:00","0.00","kWh"
"251","1 Hour","2018-08-08 01:00:00","0.00","kWh"
"252","1 Hour","2018-08-08 02:00:00","0.00","kWh"
"253","1 Hour","2018-08-08 03:00:00","0.00","kWh"
"254","1 Hour","2018-08-08 04:00:00","0.00","kWh"
"255","1 Hour","2018-08-08 05:00:00","0.00","kWh"
"256","1 Hour","2018-08-08 06:00:00","0.00","kWh"
"257","1 Hour","2018-08-08 07:00:00","0.00","kWh"
"258","1 Hour","2018-08-08 08:00:00","0.00","kWh"
"259","1 Hour","2018-08-08 09:00:00","0.00","kWh"
"260","1 Hour","2018-08-08 10:00:00","0.00","kWh"
"261","1 Hour","2018-08-08 11:00:00","0.00","kWh"
"262","1 Hour","2018-08-08 12:00:00","0.00","kWh"
"263","1 Hour","2018-08-08 13:00:00","0.00","kWh"
"264","1 Hour","2018-08-08 14:00:00","0.00","kWh"
"265","1 Hour","2018-08-08 15:00:00","0.00","kWh"
"266","1 Hour","2018-08-08 16:00:00","0.00","kWh"
"267","1 Hour","2018-08-08 17:00:00","0.00","kWh"
"268","1 Hour","2018-08-08 18:00:00","0.00","kWh"
"269","1 Hour","2018-08-08 19:00:00","0.00","kWh"
"270","1 Hour","2018-08-08 20:00:00","0.00","kWh"
"271","1 Hour","2018-08-08 21:00:00","0.00","kWh"
"272","1 Hour","2018-08-08 22:00:00","0.00","kWh"
"273","1 Hour","2018-08-08 23:00:00","0.00","kWh"
"274","1 Hour","2018-08-09 00:00:00","0.00","kWh"
"275","1 Hour","2018-08-09 01:00:00","0.00","kWh"
"276","1 Hour","2018-08-09 02:00:00","0.00","kWh"
"277","1 Hour","2018-08-09 03:00:00","0.00","kWh"
"278","1 Hour","2018-08-09 04:00:00","0.00","kWh"
"279","1 Hour","2018-08-09 05:00:00","0.00","kWh"
"280","1 Hour","2018-08-09 06:00:00","0.00","kWh"
"281","1 Hour","2018-08-09 07:00:00","0.00","kWh"
"282","1 Hour","2018-08-09 08:00:00","0.00","kWh"
"283","1 Hour","2018-08-09 09:00:00","0.00","kWh"
"284","1 Hour","2018-08-09 10:00:00","0.00","kWh"
"285","1 Hour","2018-08-09 11:00:00","0.00","kWh"
"286","1 Hour","2018-08-09 12:00:00","0.00","kWh"
"287","1 Hour","2018-08-09 13:00:00","0.00","kWh"
"288","1 Hour","2018-08-09 14:00:00","0.00","kWh"
"289","1 Hour","2018-08-09 15:00:00","0.00","kWh"
"290","1 Hour","2018-08-09 16:00:00","0.00","kWh"
"291","1 Hour","2018-08-09 17:00:00","0.00","kWh"
"292","1 Hour","2018-08-09 18:00:00","1.16","kWh"
"293","1 Hour","2018-08-09 19:00:00","0.27","kWh"
"294","1 Hour","2018-08-09 20:00:00","0.01","kWh"
"295","1 Hour","2018-08-09 21:00:00","0.00","kWh"
"296","1 Hour","2018-08-09 22:00:00","0.00","kWh"
"297","1 Hour","2018-08-09 23:00:00","0.00","kWh"
"298","1 Hour","2018-08-10 00:00:00","0.00","kWh"
"299","1 Hour","2018-08-10 01:00:00","0.00","kWh"
"300","1 Hour","2018-08-10 02:00:00","0.00","kWh"
"301","1 Hour","2018-08-10 03:00:00","0.00","kWh"
"302","1 Hour","2018-08-10 04:00:00","0.00","kWh"
"303","1 Hour","2018-08-10 05:00:00","0.00","kWh"
"304","1 Hour","2018-08-10 06:00:00","0.08","kWh"
"305","1 Hour","2018-08-10 07:00:00","0.92","kWh"
"306","1 Hour","2018-08-10 08:00:00","2.45","kWh"
"307","1 Hour","2018-08-10 09:00:00","3.99","kWh"
"308","1 Hour","2018-08-10 10:00:00","5.20","kWh"
"309","1 Hour","2018-08-10 11:00:00","6.04","kWh"
"310","1 Hour","2018-08-10 12:00:00","6.43","kWh"
"311","1 Hour","2018-08-10 13:00:00","6.45","kWh"
"312","1 Hour","2018-08-10 14:00:00","6.11","kWh"
"313","1 Hour","2018-08-10 15:00:00","5.47","kWh"
"314","1 Hour","2018-08-10 16:00:00","4.37","kWh"
"315","1 Hour","2018-08-10 17:00:00","2.97","kWh"
"316","1 Hour","2018-08-10 18:00:00","1.40","kWh"
"317","1 Hour","2018-08-10 19:00:00","0.25","kWh"
"318","1 Hour","2018-08-10 20:00:00","0.01","kWh"
"319","1 Hour","2018-08-10 21:00:00","0.00","kWh"
"320","1 Hour","2018-08-10 22:00:00","0.00","kWh"
"321","1 Hour","2018-08-10 23:00:00","0.00","kWh"
"322","1 Hour","2018-08-11 00:00:00","0.00","kWh"
"323","1 Hour","2018-08-11 01:00:00","0.00","kWh"
"324","1 Hour","2018-08-11 02:00:00","0.00","kWh"
"325","1 Hour","2018-08-11 03:00:00","0.00","kWh"
"326","1 Hour","2018-08-11 04:00:00","0.00","kWh"
"327","1 Hour","2018-08-11 05:00:00","0.00","kWh"
"328","1 Hour","2018-08-11 06:00:00","0.08","kWh"
"329","1 Hour","2018-08-11 07:00:00","0.93","kWh"
"330","1 Hour","2018-08-11 08:00:00","0.09","kWh"
"331","1 Hour","2018-08-11 09:00:00","0.00","kWh"
"332","1 Hour","2018-08-11 10:00:00","0.00","kWh"
"333","1 Hour","2018-08-11 11:00:00","0.00","kWh"
"334","1 Hour","2018-08-11 12:00:00","0.00","kWh"
"335","1 Hour","2018-08-11 13:00:00","0.00","kWh"
"336","1 Hour","2018-08-11 14:00:00","0.00","kWh"
"337","1 Hour","2018-08-11 15:00:00","0.00","kWh"
"338","1 Hour","2018-08-11 16:00:00","0.00","kWh"
"339","1 Hour","2018-08-11 17:00:00","0.33","kWh"
"340","1 Hour","2018-08-11 18:00:00","1.36","kWh"
"341","1 Hour","2018-08-11 19:00:00","0.18","kWh"
"342","1 Hour","2018-08-11 20:00:00","0.00","kWh"
"343","1 Hour","2018-08-11 21:00:00","0.00","kWh"
"344","1 Hour","2018-08-11 22:00:00","0.00","kWh"
"345","1 Hour","2018-08-11 23:00:00","0.00","kWh"
"346","1 Hour","2018-08-12 00:00:00","0.00","kWh"
"347","1 Hour","2018-08-12 01:00:00","0.00","kWh"
"348","1 Hour","2018-08-12 02:00:00","0.00","kWh"
"349","1 Hour","2018-08-12 03:00:00","0.00","kWh"
"350","1 Hour","2018-08-12 04:00:00","0.00","kWh"
"351","1 Hour","2018-08-12 05:00:00","0.00","kWh"
"352","1 Hour","2018-08-12 06:00:00","0.02","kWh"
"353","1 Hour","2018-08-12 07:00:00","0.17","kWh"
"354","1 Hour","2018-08-12 08:00:00","1.02","kWh"
"355","1 Hour","2018-08-12 09:00:00","1.77","kWh"
"356","1 Hour","2018-08-12 10:00:00","2.90","kWh"
"357","1 Hour","2018-08-12 11:00:00","5.97","kWh"
"358","1 Hour","2018-08-12 12:00:00","6.41","kWh"
"359","1 Hour","2018-08-12 13:00:00","6.44","kWh"
"360","1 Hour","2018-08-12 14:00:00","5.53","kWh"
"361","1 Hour","2018-08-12 15:00:00","5.46","kWh"
"362","1 Hour","2018-08-12 16:00:00","3.47","kWh"
"363","1 Hour","2018-08-12 17:00:00","2.64","kWh"
"364","1 Hour","2018-08-12 18:00:00","1.18","kWh"
"365","1 Hour","2018-08-12 19:00:00","0.30","kWh"
"366","1 Hour","2018-08-12 20:00:00","0.01","kWh"
"367","1 Hour","2018-08-12 21:00:00","0.00","kWh"
"368","1 Hour","2018-08-12 22:00:00","0.00","kWh"
"369","1 Hour","2018-08-12 23:00:00","0.00","kWh"
"370","1 Hour","2018-08-13 00:00:00","0.00","kWh"
"371","1 Hour","2018-08-13 01:00:00","0.00","kWh"
"372","1 Hour","2018-08-13 02:00:00","0.00","kWh"
"373","1 Hour","2018-08-13 03:00:00","0.00","kWh"
"374","1 Hour","2018-08-13 04:00:00","0.00","kWh"
"375","1 Hour","2018-08-13 05:00:00","0.00","kWh"
"376","1 Hour","2018-08-13 06:00:00","0.08","kWh"
"377","1 Hour","2018-08-13 07:00:00","0.93","kWh"
"378","1 Hour","2018-08-13 08:00:00","0.39","kWh"
"379","1 Hour","2018-08-13 09:00:00","0.00","kWh"
"380","1 Hour","2018-08-13 10:00:00","0.00","kWh"
"381","1 Hour","2018-08-13 13:00:00","0.00","kWh"
"382","1 Hour","2018-08-13 14:00:00","4.25","kWh"
"383","1 Hour","2018-08-13 15:00:00","4.27","kWh"
"384","1 Hour","2018-08-13 16:00:00","2.82","kWh"
"385","1 Hour","2018-08-13 17:00:00","1.94","kWh"
"386","1 Hour","2018-08-13 18:00:00","1.00","kWh"
"387","1 Hour","2018-08-13 19:00:00","0.24","kWh"
"388","1 Hour","2018-08-13 20:00:00","0.00","kWh"
"389","1 Hour","2018-08-13 21:00:00","0.00","kWh"
"390","1 Hour","2018-08-13 22:00:00","0.00","kWh"
"391","1 Hour","2018-08-13 23:00:00","0.00","kWh"
"392","1 Hour","2018-08-14 00:00:00","0.00","kWh"
"393","1 Hour","2018-08-14 01:00:00","0.00","kWh"
"394","1 Hour","2018-08-14 02:00:00","0.00","kWh"
"395","1 Hour","2018-08-14 03:00:00","0.00","kWh"
"396","1 Hour","2018-08-14 04:00:00","0.00","kWh"
"397","1 Hour","2018-08-14 05:00:00","0.00","kWh"
"398","1 Hour","2018-08-14 06:00:00","0.06","kWh"
"399","1 Hour","2018-08-14 07:00:00","0.74","kWh"
"400","1 Hour","2018-08-14 08:00:00","2.06","kWh"
"401","1 Hour","2018-08-14 09:00:00","3.50","kWh"
"402","1 Hour","2018-08-14 10:00:00","4.57","kWh"
"403","1 Hour","2018-08-14 11:00:00","4.61","kWh"
"404","1 Hour","2018-08-14 12:00:00","5.72","kWh"
"405","1 Hour","2018-08-14 13:00:00","5.07","kWh"
"406","1 Hour","2018-08-14 14:00:00","5.40","kWh"
"407","1 Hour","2018-08-14 15:00:00","2.77","kWh"
"408","1 Hour","2018-08-14 16:00:00","3.35","kWh"
"409","1 Hour","2018-08-14 17:00:00","1.59","kWh"
"410","1 Hour","2018-08-14 18:00:00","0.41","kWh"
"411","1 Hour","2018-08-14 19:00:00","0.15","kWh"
"412","1 Hour","2018-08-14 20:00:00","0.00","kWh"
"413","1 Hour","2018-08-14 21:00:00","0.00","kWh"
"414","1 Hour","2018-08-14 22:00:00","0.00","kWh"
"415","1 Hour","2018-08-14 23:00:00","0.00","kWh"
"416","1 Hour","2018-08-15 00:00:00","0.00","kWh"
"417","1 Hour","2018-08-15 01:00:00","0.00","kWh"
"418","1 Hour","2018-08-15 02:00:00","0.00","kWh"
"419","1 Hour","2018-08-15 03:00:00","0.00","kWh"
"420","1 Hour","2018-08-15 04:00:00","0.00","kWh"
"421","1 Hour","2018-08-15 05:00:00","0.00","kWh"
"422","1 Hour","2018-08-15 06:00:00","0.13","kWh"
"423","1 Hour","2018-08-15 07:00:00","0.76","kWh"
"424","1 Hour","2018-08-15 08:00:00","1.61","kWh"
"425","1 Hour","2018-08-15 09:00:00","3.45","kWh"
"426","1 Hour","2018-08-15 10:00:00","4.65","kWh"
"427","1 Hour","2018-08-15 11:00:00","5.04","kWh"
"428","1 Hour","2018-08-15 12:00:00","5.20","kWh"
"429","1 Hour","2018-08-15 13:00:00","5.25","kWh"
"430","1 Hour","2018-08-15 14:00:00","3.30","kWh"
"431","1 Hour","2018-08-15 15:00:00","5.00","kWh"
"432","1 Hour","2018-08-15 16:00:00","3.19","kWh"
"433","1 Hour","2018-08-15 17:00:00","1.49","kWh"
"434","1 Hour","2018-08-15 18:00:00","0.71","kWh"
"435","1 Hour","2018-08-15 19:00:00","0.19","kWh"
"436","1 Hour","2018-08-15 20:00:00","0.00","kWh"
"437","1 Hour","2018-08-15 21:00:00","0.00","kWh"
"438","1 Hour","2018-08-15 22:00:00","0.00","kWh"
"439","1 Hour","2018-08-15 23:00:00","0.00","kWh"
"440","1 Hour","2018-08-16 00:00:00","0.00","kWh"
"441","1 Hour","2018-08-16 01:00:00","0.00","kWh"
"442","1 Hour","2018-08-16 02:00:00","0.00","kWh"
"443","1 Hour","2018-08-16 03:00:00","0.00","kWh"
"444","1 Hour","2018-08-16 04:00:00","0.00","kWh"
"445","1 Hour","2018-08-16 05:00:00","0.00","kWh"
"446","1 Hour","2018-08-16 06:00:00","0.01","kWh"
"447","1 Hour","2018-08-16 07:00:00","0.20","kWh"
"448","1 Hour","2018-08-16 08:00:00","0.67","kWh"
"449","1 Hour","2018-08-16 09:00:00","1.04","kWh"
"450","1 Hour","2018-08-16 10:00:00","2.24","kWh"
"451","1 Hour","2018-08-16 11:00:00","2.80","kWh"
"452","1 Hour","2018-08-16 12:00:00","3.44","kWh"
"453","1 Hour","2018-08-16 13:00:00","2.20","kWh"
"454","1 Hour","2018-08-16 14:00:00","2.35","kWh"
"455","1 Hour","2018-08-16 15:00:00","4.23","kWh"
"456","1 Hour","2018-08-16 16:00:00","1.69","kWh"
"457","1 Hour","2018-08-16 17:00:00","0.73","kWh"
"458","1 Hour","2018-08-16 18:00:00","0.56","kWh"
"459","1 Hour","2018-08-16 19:00:00","0.00","kWh"
"460","1 Hour","2018-08-16 20:00:00","0.00","kWh"
"461","1 Hour","2018-08-16 21:00:00","0.00","kWh"
"462","1 Hour","2018-08-16 22:00:00","0.00","kWh"
"463","1 Hour","2018-08-16 23:00:00","0.00","kWh"
"464","1 Hour","2018-08-17 00:00:00","0.00","kWh"
"465","1 Hour","2018-08-17 01:00:00","0.00","kWh"
"466","1 Hour","2018-08-17 02:00:00","0.00","kWh"
"467","1 Hour","2018-08-17 03:00:00","0.00","kWh"
"468","1 Hour","2018-08-17 04:00:00","0.00","kWh"
"469","1 Hour","2018-08-17 05:00:00","0.00","kWh"
"470","1 Hour","2018-08-17 06:00:00","0.04","kWh"
"471","1 Hour","2018-08-17 07:00:00","0.36","kWh"
"472","1 Hour","2018-08-17 08:00:00","0.76","kWh"
"473","1 Hour","2018-08-17 09:00:00","1.41","kWh"
"474","1 Hour","2018-08-17 10:00:00","5.20","kWh"
"475","1 Hour","2018-08-17 11:00:00","2.53","kWh"
"476","1 Hour","2018-08-17 16:00:00","7.13","kWh"
"477","1 Hour","2018-08-17 17:00:00","1.14","kWh"
"478","1 Hour","2018-08-17 18:00:00","1.69","kWh"
"479","1 Hour","2018-08-17 19:00:00","0.27","kWh"
"480","1 Hour","2018-08-17 20:00:00","0.00","kWh"
"481","1 Hour","2018-08-17 21:00:00","0.00","kWh"
"482","1 Hour","2018-08-17 22:00:00","0.00","kWh"
"483","1 Hour","2018-08-17 23:00:00","0.00","kWh"
"484","1 Hour","2018-08-18 00:00:00","0.00","kWh"
"485","1 Hour","2018-08-18 01:00:00","0.00","kWh"
"486","1 Hour","2018-08-18 02:00:00","0.00","kWh"
"487","1 Hour","2018-08-18 03:00:00","0.00","kWh"
"488","1 Hour","2018-08-18 04:00:00","0.00","kWh"
"489","1 Hour","2018-08-18 05:00:00","0.00","kWh"
"490","1 Hour","2018-08-18 06:00:00","0.02","kWh"
"491","1 Hour","2018-08-18 07:00:00","0.34","kWh"
"492","1 Hour","2018-08-18 08:00:00","2.07","kWh"
"493","1 Hour","2018-08-18 09:00:00","3.42","kWh"
"494","1 Hour","2018-08-18 10:00:00","4.66","kWh"
"495","1 Hour","2018-08-18 11:00:00","5.48","kWh"
"496","1 Hour","2018-08-18 12:00:00","5.88","kWh"
"497","1 Hour","2018-08-18 13:00:00","0.95","kWh"
"498","1 Hour","2018-08-18 14:00:00","0.94","kWh"
"499","1 Hour","2018-08-18 15:00:00","3.36","kWh"
"500","1 Hour","2018-08-18 16:00:00","1.17","kWh"
"501","1 Hour","2018-08-18 17:00:00","0.21","kWh"
"502","1 Hour","2018-08-18 18:00:00","0.65","kWh"
"503","1 Hour","2018-08-18 19:00:00","0.71","kWh"
"504","1 Hour","2018-08-18 20:00:00","0.02","kWh"
"505","1 Hour","2018-08-18 21:00:00","0.00","kWh"
"506","1 Hour","2018-08-18 22:00:00","0.00","kWh"
"507","1 Hour","2018-08-18 23:00:00","0.00","kWh"
"508","1 Hour","2018-08-19 00:00:00","0.00","kWh"
"509","1 Hour","2018-08-19 01:00:00","0.00","kWh"
"510","1 Hour","2018-08-19 02:00:00","0.00","kWh"
"511","1 Hour","2018-08-19 03:00:00","0.00","kWh"
"512","1 Hour","2018-08-19 04:00:00","0.00","kWh"
"513","1 Hour","2018-08-19 05:00:00","0.00","kWh"
"514","1 Hour","2018-08-19 06:00:00","0.71","kWh"
"515","1 Hour","2018-08-19 07:00:00","4.43","kWh"
"516","1 Hour","2018-08-19 08:00:00","6.39","kWh"
"517","1 Hour","2018-08-19 09:00:00","10.78","kWh"
"518","1 Hour","2018-08-19 10:00:00","4.49","kWh"
"519","1 Hour","2018-08-19 11:00:00","5.24","kWh"
"520","1 Hour","2018-08-19 12:00:00","12.59","kWh"
"521","1 Hour","2018-08-19 13:00:00","16.84","kWh"
"522","1 Hour","2018-08-19 14:00:00","8.92","kWh"
"523","1 Hour","2018-08-19 15:00:00","12.86","kWh"
"524","1 Hour","2018-08-19 16:00:00","10.32","kWh"
"525","1 Hour","2018-08-19 17:00:00","6.70","kWh"
"526","1 Hour","2018-08-19 18:00:00","3.10","kWh"
"527","1 Hour","2018-08-19 19:00:00","0.56","kWh"
"528","1 Hour","2018-08-19 20:00:00","0.00","kWh"
"529","1 Hour","2018-08-19 21:00:00","0.00","kWh"
"530","1 Hour","2018-08-19 22:00:00","0.00","kWh"
"531","1 Hour","2018-08-19 23:00:00","0.00","kWh"
"532","1 Hour","2018-08-20 00:00:00","0.00","kWh"
"533","1 Hour","2018-08-20 01:00:00","0.00","kWh"
"534","1 Hour","2018-08-20 02:00:00","0.00","kWh"
"535","1 Hour","2018-08-20 03:00:00","0.00","kWh"
"536","1 Hour","2018-08-20 04:00:00","0.00","kWh"
"537","1 Hour","2018-08-20 05:00:00","0.00","kWh"
"538","1 Hour","2018-08-20 06:00:00","0.32","kWh"
"539","1 Hour","2018-08-20 07:00:00","2.52","kWh"
"540","1 Hour","2018-08-20 08:00:00","2.12","kWh"
"541","1 Hour","2018-08-20 09:00:00","3.46","kWh"
"542","1 Hour","2018-08-20 10:00:00","4.63","kWh"
"543","1 Hour","2018-08-20 11:00:00","5.47","kWh"
"544","1 Hour","2018-08-20 12:00:00","5.94","kWh"
"545","1 Hour","2018-08-20 13:00:00","5.82","kWh"
"546","1 Hour","2018-08-20 14:00:00","1.82","kWh"
"547","1 Hour","2018-08-20 15:00:00","4.08","kWh"
"548","1 Hour","2018-08-20 16:00:00","3.49","kWh"
"549","1 Hour","2018-08-20 17:00:00","2.52","kWh"
"550","1 Hour","2018-08-20 18:00:00","0.97","kWh"
"551","1 Hour","2018-08-20 19:00:00","0.11","kWh"
"552","1 Hour","2018-08-20 20:00:00","0.00","kWh"
"553","1 Hour","2018-08-20 21:00:00","0.00","kWh"
"554","1 Hour","2018-08-20 22:00:00","0.00","kWh"
"555","1 Hour","2018-08-20 23:00:00","0.00","kWh"
"556","1 Hour","2018-08-21 00:00:00","0.00","kWh"
"557","1 Hour","2018-08-21 01:00:00","0.00","kWh"
"558","1 Hour","2018-08-21 02:00:00","0.00","kWh"
"559","1 Hour","2018-08-21 03:00:00","0.00","kWh"
"560","1 Hour","2018-08-21 04:00:00","0.00","kWh"
"561","1 Hour","2018-08-21 05:00:00","0.00","kWh"
"562","1 Hour","2018-08-21 06:00:00","0.04","kWh"
"563","1 Hour","2018-08-21 07:00:00","0.52","kWh"
"564","1 Hour","2018-08-21 08:00:00","1.88","kWh"
"565","1 Hour","2018-08-21 09:00:00","2.52","kWh"
"566","1 Hour","2018-08-21 10:00:00","2.95","kWh"
"567","1 Hour","2018-08-21 11:00:00","5.55","kWh"
"568","1 Hour","2018-08-21 12:00:00","5.53","kWh"
"569","1 Hour","2018-08-21 13:00:00","5.33","kWh"
"570","1 Hour","2018-08-21 14:00:00","4.15","kWh"
"571","1 Hour","2018-08-21 15:00:00","3.57","kWh"
"572","1 Hour","2018-08-21 16:00:00","3.38","kWh"
"573","1 Hour","2018-08-21 17:00:00","2.50","kWh"
"574","1 Hour","2018-08-21 18:00:00","1.08","kWh"
"575","1 Hour","2018-08-21 19:00:00","0.17","kWh"
"576","1 Hour","2018-08-21 20:00:00","0.00","kWh"
"577","1 Hour","2018-08-21 21:00:00","0.00","kWh"
"578","1 Hour","2018-08-21 22:00:00","0.00","kWh"
"579","1 Hour","2018-08-21 23:00:00","0.00","kWh"
"580","1 Hour","2018-08-22 00:00:00","0.00","kWh"
"581","1 Hour","2018-08-22 01:00:00","0.00","kWh"
"582","1 Hour","2018-08-22 02:00:00","0.00","kWh"
"583","1 Hour","2018-08-22 03:00:00","0.00","kWh"
"584","1 Hour","2018-08-22 04:00:00","0.00","kWh"
"585","1 Hour","2018-08-22 05:00:00","0.00","kWh"
"586","1 Hour","2018-08-22 06:00:00","0.04","kWh"
"587","1 Hour","2018-08-22 07:00:00","0.75","kWh"
"588","1 Hour","2018-08-22 08:00:00","2.20","kWh"
"589","1 Hour","2018-08-22 09:00:00","3.75","kWh"
"590","1 Hour","2018-08-22 10:00:00","5.03","kWh"
"591","1 Hour","2018-08-22 11:00:00","5.82","kWh"
"592","1 Hour","2018-08-22 12:00:00","6.16","kWh"
"593","1 Hour","2018-08-22 13:00:00","6.73","kWh"
"594","1 Hour","2018-08-22 14:00:00","6.43","kWh"
"595","1 Hour","2018-08-22 15:00:00","4.91","kWh"
"596","1 Hour","2018-08-22 16:00:00","3.80","kWh"
"597","1 Hour","2018-08-22 17:00:00","2.89","kWh"
"598","1 Hour","2018-08-22 18:00:00","0.84","kWh"
"599","1 Hour","2018-08-22 19:00:00","0.13","kWh"
"600","1 Hour","2018-08-22 20:00:00","0.00","kWh"
"601","1 Hour","2018-08-22 21:00:00","0.00","kWh"
"602","1 Hour","2018-08-22 22:00:00","0.00","kWh"
"603","1 Hour","2018-08-22 23:00:00","0.00","kWh"
"604","1 Hour","2018-08-23 00:00:00","0.00","kWh"
"605","1 Hour","2018-08-23 01:00:00","0.00","kWh"
"606","1 Hour","2018-08-23 02:00:00","0.00","kWh"
"607","1 Hour","2018-08-23 03:00:00","0.00","kWh"
"608","1 Hour","2018-08-23 04:00:00","0.00","kWh"
"609","1 Hour","2018-08-23 05:00:00","0.00","kWh"
"610","1 Hour","2018-08-23 06:00:00","0.04","kWh"
"611","1 Hour","2018-08-23 07:00:00","0.75","kWh"
"612","1 Hour","2018-08-23 08:00:00","2.19","kWh"
"613","1 Hour","2018-08-23 09:00:00","3.73","kWh"
"614","1 Hour","2018-08-23 10:00:00","4.95","kWh"
"615","1 Hour","2018-08-23 11:00:00","5.79","kWh"
"616","1 Hour","2018-08-23 12:00:00","6.24","kWh"
"617","1 Hour","2018-08-23 13:00:00","6.17","kWh"
"618","1 Hour","2018-08-23 14:00:00","5.44","kWh"
"619","1 Hour","2018-08-23 15:00:00","4.63","kWh"
"620","1 Hour","2018-08-23 16:00:00","4.05","kWh"
"621","1 Hour","2018-08-23 17:00:00","2.54","kWh"
"622","1 Hour","2018-08-23 18:00:00","1.01","kWh"
"623","1 Hour","2018-08-23 19:00:00","0.48","kWh"
"624","1 Hour","2018-08-23 20:00:00","0.01","kWh"
"625","1 Hour","2018-08-23 21:00:00","0.00","kWh"
"626","1 Hour","2018-08-23 22:00:00","0.00","kWh"
"627","1 Hour","2018-08-23 23:00:00","0.00","kWh"
"628","1 Hour","2018-08-24 00:00:00","0.00","kWh"
"629","1 Hour","2018-08-24 01:00:00","0.00","kWh"
"630","1 Hour","2018-08-24 02:00:00","0.00","kWh"
"631","1 Hour","2018-08-24 03:00:00","0.00","kWh"
"632","1 Hour","2018-08-24 04:00:00","0.00","kWh"
"633","1 Hour","2018-08-24 05:00:00","0.00","kWh"
"634","1 Hour","2018-08-24 06:00:00","0.03","kWh"
"635","1 Hour","2018-08-24 07:00:00","0.54","kWh"
"636","1 Hour","2018-08-24 08:00:00","1.33","kWh"
"637","1 Hour","2018-08-24 09:00:00","3.40","kWh"
"638","1 Hour","2018-08-24 10:00:00","4.25","kWh"
"639","1 Hour","2018-08-24 11:00:00","5.05","kWh"
"640","1 Hour","2018-08-24 12:00:00","5.36","kWh"
"641","1 Hour","2018-08-24 13:00:00","6.02","kWh"
"642","1 Hour","2018-08-24 14:00:00","5.67","kWh"
"643","1 Hour","2018-08-24 15:00:00","4.82","kWh"
"644","1 Hour","2018-08-24 16:00:00","3.78","kWh"
"645","1 Hour","2018-08-24 17:00:00","2.11","kWh"
"646","1 Hour","2018-08-24 18:00:00","0.95","kWh"
"647","1 Hour","2018-08-24 19:00:00","0.12","kWh"
"648","1 Hour","2018-08-24 20:00:00","0.00","kWh"
"649","1 Hour","2018-08-24 21:00:00","0.00","kWh"
"650","1 Hour","2018-08-24 22:00:00","0.00","kWh"
"651","1 Hour","2018-08-24 23:00:00","0.00","kWh"
"652","1 Hour","2018-08-25 00:00:00","0.00","kWh"
"653","1 Hour","2018-08-25 01:00:00","0.00","kWh"
"654","1 Hour","2018-08-25 02:00:00","0.00","kWh"
"655","1 Hour","2018-08-25 03:00:00","0.00","kWh"
"656","1 Hour","2018-08-25 04:00:00","0.00","kWh"
"657","1 Hour","2018-08-25 05:00:00","0.00","kWh"
"658","1 Hour","2018-08-25 06:00:00","0.06","kWh"
"659","1 Hour","2018-08-25 07:00:00","0.62","kWh"
"660","1 Hour","2018-08-25 08:00:00","1.89","kWh"
"661","1 Hour","2018-08-25 09:00:00","3.37","kWh"
"662","1 Hour","2018-08-25 10:00:00","4.67","kWh"
"663","1 Hour","2018-08-25 11:00:00","4.77","kWh"
"664","1 Hour","2018-08-25 12:00:00","5.41","kWh"
"665","1 Hour","2018-08-25 13:00:00","5.40","kWh"
"666","1 Hour","2018-08-25 14:00:00","5.36","kWh"
"667","1 Hour","2018-08-25 15:00:00","4.82","kWh"
"668","1 Hour","2018-08-25 16:00:00","3.73","kWh"
"669","1 Hour","2018-08-25 17:00:00","2.06","kWh"
"670","1 Hour","2018-08-25 18:00:00","0.27","kWh"
"671","1 Hour","2018-08-25 19:00:00","0.04","kWh"
"672","1 Hour","2018-08-25 20:00:00","0.00","kWh"
"673","1 Hour","2018-08-25 21:00:00","0.00","kWh"
"674","1 Hour","2018-08-25 22:00:00","0.00","kWh"
"675","1 Hour","2018-08-25 23:00:00","0.00","kWh"
"676","1 Hour","2018-08-26 00:00:00","0.00","kWh"
"677","1 Hour","2018-08-26 01:00:00","0.00","kWh"
"678","1 Hour","2018-08-26 02:00:00","0.00","kWh"
"679","1 Hour","2018-08-26 03:00:00","0.00","kWh"
"680","1 Hour","2018-08-26 04:00:00","0.00","kWh"
"681","1 Hour","2018-08-26 05:00:00","0.00","kWh"
"682","1 Hour","2018-08-26 06:00:00","0.02","kWh"
"683","1 Hour","2018-08-26 07:00:00","0.66","kWh"
"684","1 Hour","2018-08-26 08:00:00","1.95","kWh"
"685","1 Hour","2018-08-26 09:00:00","3.42","kWh"
"686","1 Hour","2018-08-26 10:00:00","4.60","kWh"
"687","1 Hour","2018-08-26 11:00:00","5.41","kWh"
"688","1 Hour","2018-08-26 12:00:00","5.73","kWh"
"689","1 Hour","2018-08-26 13:00:00","5.75","kWh"
"690","1 Hour","2018-08-26 14:00:00","5.35","kWh"
"691","1 Hour","2018-08-26 15:00:00","4.53","kWh"
"692","1 Hour","2018-08-26 16:00:00","3.65","kWh"
"693","1 Hour","2018-08-26 17:00:00","2.43","kWh"
"694","1 Hour","2018-08-26 18:00:00","0.82","kWh"
"695","1 Hour","2018-08-26 19:00:00","0.11","kWh"
"696","1 Hour","2018-08-26 20:00:00","0.00","kWh"
"697","1 Hour","2018-08-26 21:00:00","0.00","kWh"
"698","1 Hour","2018-08-26 22:00:00","0.00","kWh"
"699","1 Hour","2018-08-26 23:00:00","0.00","kWh"
"700","1 Hour","2018-08-27 00:00:00","0.00","kWh"
"701","1 Hour","2018-08-27 01:00:00","0.00","kWh"
"702","1 Hour","2018-08-27 02:00:00","0.00","kWh"
"703","1 Hour","2018-08-27 03:00:00","0.00","kWh"
"704","1 Hour","2018-08-27 04:00:00","0.00","kWh"
"705","1 Hour","2018-08-27 05:00:00","0.00","kWh"
"706","1 Hour","2018-08-27 06:00:00","0.00","kWh"
"707","1 Hour","2018-08-27 07:00:00","0.12","kWh"
"708","1 Hour","2018-08-27 08:00:00","0.53","kWh"
"709","1 Hour","2018-08-27 09:00:00","0.67","kWh"
"710","1 Hour","2018-08-27 10:00:00","0.73","kWh"
"711","1 Hour","2018-08-27 11:00:00","0.83","kWh"
"712","1 Hour","2018-08-27 12:00:00","1.39","kWh"
"713","1 Hour","2018-08-27 13:00:00","1.62","kWh"
"714","1 Hour","2018-08-27 14:00:00","1.52","kWh"
"715","1 Hour","2018-08-27 15:00:00","1.15","kWh"
"716","1 Hour","2018-08-27 16:00:00","0.83","kWh"
"717","1 Hour","2018-08-27 17:00:00","0.48","kWh"
"718","1 Hour","2018-08-27 18:00:00","0.19","kWh"
"719","1 Hour","2018-08-27 19:00:00","0.01","kWh"
"720","1 Hour","2018-08-27 20:00:00","0.00","kWh"
"721","1 Hour","2018-08-27 21:00:00","0.00","kWh"
"722","1 Hour","2018-08-27 22:00:00","0.00","kWh"
"723","1 Hour","2018-08-27 23:00:00","0.00","kWh"
"724","1 Hour","2018-08-28 00:00:00","0.00","kWh"
"725","1 Hour","2018-08-28 01:00:00","0.00","kWh"
"726","1 Hour","2018-08-28 02:00:00","0.00","kWh"
"727","1 Hour","2018-08-28 03:00:00","0.00","kWh"
"728","1 Hour","2018-08-28 04:00:00","0.00","kWh"
"729","1 Hour","2018-08-28 05:00:00","0.00","kWh"
"730","1 Hour","2018-08-28 06:00:00","0.01","kWh"
"731","1 Hour","2018-08-28 07:00:00","0.13","kWh"
"732","1 Hour","2018-08-28 08:00:00","0.32","kWh"
"733","1 Hour","2018-08-28 09:00:00","0.40","kWh"
"734","1 Hour","2018-08-28 10:00:00","0.90","kWh"
"735","1 Hour","2018-08-28 11:00:00","0.71","kWh"
"736","1 Hour","2018-08-28 12:00:00","0.47","kWh"
"737","1 Hour","2018-08-28 13:00:00","0.52","kWh"
"738","1 Hour","2018-08-28 14:00:00","0.57","kWh"
"739","1 Hour","2018-08-28 15:00:00","1.36","kWh"
"740","1 Hour","2018-08-28 16:00:00","2.94","kWh"
"741","1 Hour","2018-08-28 17:00:00","1.76","kWh"
"742","1 Hour","2018-08-28 18:00:00","1.61","kWh"
"743","1 Hour","2018-08-28 19:00:00","0.33","kWh"
"744","1 Hour","2018-08-28 20:00:00","0.00","kWh"
"745","1 Hour","2018-08-28 21:00:00","0.00","kWh"
"746","1 Hour","2018-08-28 22:00:00","0.00","kWh"
"747","1 Hour","2018-08-28 23:00:00","0.00","kWh"
"748","1 Hour","2018-08-29 00:00:00","0.00","kWh"
"749","1 Hour","2018-08-29 01:00:00","0.00","kWh"
"750","1 Hour","2018-08-29 02:00:00","0.00","kWh"
"751","1 Hour","2018-08-29 03:00:00","0.00","kWh"
"752","1 Hour","2018-08-29 04:00:00","0.00","kWh"
"753","1 Hour","2018-08-29 05:00:00","0.00","kWh"
"754","1 Hour","2018-08-29 06:00:00","0.14","kWh"
"755","1 Hour","2018-08-29 07:00:00","2.15","kWh"
"756","1 Hour","2018-08-29 08:00:00","7.31","kWh"
"757","1 Hour","2018-08-29 09:00:00","12.65","kWh"
"758","1 Hour","2018-08-29 10:00:00","16.94","kWh"
"759","1 Hour","2018-08-29 11:00:00","16.82","kWh"
"760","1 Hour","2018-08-29 12:00:00","15.60","kWh"
"761","1 Hour","2018-08-29 13:00:00","15.53","kWh"
"762","1 Hour","2018-08-29 14:00:00","17.00","kWh"
"763","1 Hour","2018-08-29 15:00:00","17.02","kWh"
"764","1 Hour","2018-08-29 16:00:00","3.96","kWh"
"765","1 Hour","2018-08-29 17:00:00","2.51","kWh"
"766","1 Hour","2018-08-29 18:00:00","0.55","kWh"
"767","1 Hour","2018-08-29 19:00:00","0.04","kWh"
"768","1 Hour","2018-08-29 20:00:00","0.00","kWh"
"769","1 Hour","2018-08-29 21:00:00","0.00","kWh"
"770","1 Hour","2018-08-29 22:00:00","0.00","kWh"
"771","1 Hour","2018-08-29 23:00:00","0.00","kWh"
"772","1 Hour","2018-08-30 00:00:00","0.00","kWh"
"773","1 Hour","2018-08-30 01:00:00","0.00","kWh"
"774","1 Hour","2018-08-30 02:00:00","0.00","kWh"
"775","1 Hour","2018-08-30 03:00:00","0.00","kWh"
"776","1 Hour","2018-08-30 04:00:00","0.00","kWh"
"777","1 Hour","2018-08-30 05:00:00","0.00","kWh"
"778","1 Hour","2018-08-30 06:00:00","0.03","kWh"
"779","1 Hour","2018-08-30 07:00:00","0.61","kWh"
"780","1 Hour","2018-08-30 08:00:00","1.93","kWh"
"781","1 Hour","2018-08-30 09:00:00","3.38","kWh"
"782","1 Hour","2018-08-30 10:00:00","4.14","kWh"
"783","1 Hour","2018-08-30 11:00:00","5.34","kWh"
"784","1 Hour","2018-08-30 12:00:00","5.40","kWh"
"785","1 Hour","2018-08-30 13:00:00","5.67","kWh"
"786","1 Hour","2018-08-30 14:00:00","5.58","kWh"
"787","1 Hour","2018-08-30 15:00:00","4.51","kWh"
"788","1 Hour","2018-08-30 16:00:00","3.81","kWh"
"789","1 Hour","2018-08-30 17:00:00","2.17","kWh"
"790","1 Hour","2018-08-30 18:00:00","0.83","kWh"
"791","1 Hour","2018-08-30 19:00:00","0.08","kWh"
"792","1 Hour","2018-08-30 20:00:00","0.00","kWh"
"793","1 Hour","2018-08-30 21:00:00","0.00","kWh"
"794","1 Hour","2018-08-30 22:00:00","0.00","kWh"
"795","1 Hour","2018-08-30 23:00:00","0.00","kWh"
"796","1 Hour","2018-08-31 00:00:00","0.00","kWh"
"797","1 Hour","2018-08-31 01:00:00","0.00","kWh"
"798","1 Hour","2018-08-31 02:00:00","0.00","kWh"
"799","1 Hour","2018-08-31 03:00:00","0.00","kWh"
"800","1 Hour","2018-08-31 04:00:00","0.00","kWh"
"801","1 Hour","2018-08-31 05:00:00","0.00","kWh"
"802","1 Hour","2018-08-31 06:00:00","0.01","kWh"
"803","1 Hour","2018-08-31 07:00:00","0.43","kWh"
"804","1 Hour","2018-08-31 08:00:00","1.91","kWh"
"805","1 Hour","2018-08-31 09:00:00","3.29","kWh"
"806","1 Hour","2018-08-31 10:00:00","4.49","kWh"
"807","1 Hour","2018-08-31 11:00:00","5.35","kWh"
"808","1 Hour","2018-08-31 12:00:00","5.85","kWh"
"809","1 Hour","2018-08-31 13:00:00","6.05","kWh"
"810","1 Hour","2018-08-31 14:00:00","5.33","kWh"
"811","1 Hour","2018-08-31 15:00:00","4.40","kWh"
"812","1 Hour","2018-08-31 16:00:00","2.19","kWh"
"813","1 Hour","2018-08-31 17:00:00","1.32","kWh"
"814","1 Hour","2018-08-31 18:00:00","0.49","kWh"
"815","1 Hour","2018-08-31 19:00:00","0.09","kWh"
"816","1 Hour","2018-08-31 20:00:00","0.00","kWh"
"817","1 Hour","2018-08-31 21:00:00","0.00","kWh"
"818","1 Hour","2018-08-31 22:00:00","0.00","kWh"
"819","1 Hour","2018-08-31 23:00:00","0.00","kWh"
"820","1 Hour","2018-09-01 00:00:00","0.00","kWh"
"821","1 Hour","2018-09-01 01:00:00","0.00","kWh"
"822","1 Hour","2018-09-01 02:00:00","0.00","kWh"
"823","1 Hour","2018-09-01 03:00:00","0.00","kWh"
"824","1 Hour","2018-09-01 04:00:00","0.00","kWh"
"825","1 Hour","2018-09-01 05:00:00","0.00","kWh"
"826","1 Hour","2018-09-01 06:00:00","0.03","kWh"
"827","1 Hour","2018-09-01 07:00:00","0.55","kWh"
"828","1 Hour","2018-09-01 08:00:00","0.99","kWh"
"829","1 Hour","2018-09-01 09:00:00","1.76","kWh"
"830","1 Hour","2018-09-01 10:00:00","4.41","kWh"
"831","1 Hour","2018-09-01 11:00:00","5.30","kWh"
"832","1 Hour","2018-09-01 12:00:00","5.76","kWh"
"833","1 Hour","2018-09-01 13:00:00","5.82","kWh"
"834","1 Hour","2018-09-01 14:00:00","5.58","kWh"
"835","1 Hour","2018-09-01 15:00:00","4.85","kWh"
"836","1 Hour","2018-09-01 16:00:00","3.65","kWh"
"837","1 Hour","2018-09-01 17:00:00","2.23","kWh"
"838","1 Hour","2018-09-01 18:00:00","0.76","kWh"
"839","1 Hour","2018-09-01 19:00:00","0.06","kWh"
"840","1 Hour","2018-09-01 20:00:00","0.00","kWh"
"841","1 Hour","2018-09-01 21:00:00","0.00","kWh"
"842","1 Hour","2018-09-01 22:00:00","0.00","kWh"
"843","1 Hour","2018-09-01 23:00:00","0.00","kWh"
"844","1 Hour","2018-09-02 00:00:00","0.00","kWh"
"845","1 Hour","2018-09-02 01:00:00","0.00","kWh"
"846","1 Hour","2018-09-02 02:00:00","0.00","kWh"
"847","1 Hour","2018-09-02 03:00:00","0.00","kWh"
"848","1 Hour","2018-09-02 04:00:00","0.00","kWh"
"849","1 Hour","2018-09-02 05:00:00","0.00","kWh"
"850","1 Hour","2018-09-02 06:00:00","0.01","kWh"
"851","1 Hour","2018-09-02 07:00:00","0.58","kWh"
"852","1 Hour","2018-09-02 08:00:00","1.92","kWh"
"853","1 Hour","2018-09-02 09:00:00","3.42","kWh"
"854","1 Hour","2018-09-02 10:00:00","4.67","kWh"
"855","1 Hour","2018-09-02 11:00:00","5.66","kWh"
"856","1 Hour","2018-09-02 12:00:00","5.50","kWh"
"857","1 Hour","2018-09-02 13:00:00","6.07","kWh"
"858","1 Hour","2018-09-02 14:00:00","4.42","kWh"
"859","1 Hour","2018-09-02 15:00:00","4.89","kWh"
"860","1 Hour","2018-09-02 16:00:00","3.56","kWh"
"861","1 Hour","2018-09-02 17:00:00","2.24","kWh"
"862","1 Hour","2018-09-02 18:00:00","0.57","kWh"
"863","1 Hour","2018-09-02 19:00:00","0.07","kWh"
"864","1 Hour","2018-09-02 20:00:00","0.00","kWh"
"865","1 Hour","2018-09-02 21:00:00","0.00","kWh"
"866","1 Hour","2018-09-02 22:00:00","0.00","kWh"
"867","1 Hour","2018-09-02 23:00:00","0.00","kWh"
"868","1 Hour","2018-09-03 00:00:00","0.00","kWh"
"869","1 Hour","2018-09-03 01:00:00","0.00","kWh"
"870","1 Hour","2018-09-03 02:00:00","0.00","kWh"
"871","1 Hour","2018-09-03 03:00:00","0.00","kWh"
"872","1 Hour","2018-09-03 04:00:00","0.00","kWh"
"873","1 Hour","2018-09-03 05:00:00","0.00","kWh"
"874","1 Hour","2018-09-03 06:00:00","0.01","kWh"
"875","1 Hour","2018-09-03 07:00:00","0.47","kWh"
"876","1 Hour","2018-09-03 08:00:00","1.75","kWh"
"877","1 Hour","2018-09-03 09:00:00","3.12","kWh"
"878","1 Hour","2018-09-03 10:00:00","4.32","kWh"
"879","1 Hour","2018-09-03 11:00:00","6.91","kWh"
"880","1 Hour","2018-09-03 12:00:00","9.48","kWh"
"881","1 Hour","2018-09-03 13:00:00","5.48","kWh"
"882","1 Hour","2018-09-03 14:00:00","5.42","kWh"
"883","1 Hour","2018-09-03 15:00:00","4.45","kWh"
"884","1 Hour","2018-09-03 16:00:00","3.29","kWh"
"885","1 Hour","2018-09-03 17:00:00","1.79","kWh"
"886","1 Hour","2018-09-03 18:00:00","0.56","kWh"
"887","1 Hour","2018-09-03 19:00:00","0.25","kWh"
"888","1 Hour","2018-09-03 20:00:00","0.00","kWh"
"889","1 Hour","2018-09-03 21:00:00","0.00","kWh"
"890","1 Hour","2018-09-03 22:00:00","0.00","kWh"
"891","1 Hour","2018-09-03 23:00:00","0.00","kWh"
"892","1 Hour","2018-09-04 00:00:00","0.00","kWh"
"893","1 Hour","2018-09-04 01:00:00","0.00","kWh"
"894","1 Hour","2018-09-04 02:00:00","0.00","kWh"
"895","1 Hour","2018-09-04 03:00:00","0.00","kWh"
"896","1 Hour","2018-09-04 04:00:00","0.00","kWh"
"897","1 Hour","2018-09-04 05:00:00","0.00","kWh"
"898","1 Hour","2018-09-04 06:00:00","0.12","kWh"
"899","1 Hour","2018-09-04 07:00:00","1.40","kWh"
"900","1 Hour","2018-09-04 08:00:00","5.70","kWh"
"901","1 Hour","2018-09-04 09:00:00","11.44","kWh"
"902","1 Hour","2018-09-04 10:00:00","15.99","kWh"
"903","1 Hour","2018-09-04 11:00:00","18.90","kWh"
"904","1 Hour","2018-09-04 12:00:00","21.06","kWh"
"905","1 Hour","2018-09-04 13:00:00","22.14","kWh"
"906","1 Hour","2018-09-04 14:00:00","20.06","kWh"
"907","1 Hour","2018-09-04 15:00:00","16.81","kWh"
"908","1 Hour","2018-09-04 16:00:00","12.49","kWh"
"909","1 Hour","2018-09-04 17:00:00","6.69","kWh"
"910","1 Hour","2018-09-04 18:00:00","2.67","kWh"
"911","1 Hour","2018-09-04 19:00:00","0.22","kWh"
"912","1 Hour","2018-09-04 20:00:00","0.00","kWh"
"913","1 Hour","2018-09-04 21:00:00","0.00","kWh"
"914","1 Hour","2018-09-04 22:00:00","0.00","kWh"
"915","1 Hour","2018-09-04 23:00:00","0.00","kWh"
"916","1 Hour","2018-09-05 00:00:00","0.00","kWh"
"917","1 Hour","2018-09-05 01:00:00","0.00","kWh"
"918","1 Hour","2018-09-05 02:00:00","0.00","kWh"
"919","1 Hour","2018-09-05 03:00:00","0.00","kWh"
"920","1 Hour","2018-09-05 04:00:00","0.00","kWh"
"921","1 Hour","2018-09-05 05:00:00","0.00","kWh"
"922","1 Hour","2018-09-05 06:00:00","0.01","kWh"
"923","1 Hour","2018-09-05 07:00:00","0.28","kWh"
"924","1 Hour","2018-09-05 08:00:00","3.05","kWh"
"925","1 Hour","2018-09-05 09:00:00","8.62","kWh"
"926","1 Hour","2018-09-05 10:00:00","6.91","kWh"
"927","1 Hour","2018-09-05 11:00:00","8.14","kWh"
"928","1 Hour","2018-09-05 12:00:00","4.60","kWh"
"929","1 Hour","2018-09-05 13:00:00","8.39","kWh"
"930","1 Hour","2018-09-05 14:00:00","5.03","kWh"
"931","1 Hour","2018-09-05 15:00:00","4.34","kWh"
"932","1 Hour","2018-09-05 16:00:00","3.71","kWh"
"933","1 Hour","2018-09-05 17:00:00","3.21","kWh"
"934","1 Hour","2018-09-05 18:00:00","1.45","kWh"
"935","1 Hour","2018-09-05 19:00:00","0.10","kWh"
"936","1 Hour","2018-09-05 20:00:00","0.00","kWh"
"937","1 Hour","2018-09-05 21:00:00","0.00","kWh"
"938","1 Hour","2018-09-05 22:00:00","0.00","kWh"
"939","1 Hour","2018-09-05 23:00:00","0.00","kWh"
"940","1 Hour","2018-09-06 00:00:00","0.00","kWh"
"941","1 Hour","2018-09-06 01:00:00","0.00","kWh"
"942","1 Hour","2018-09-06 02:00:00","0.00","kWh"
"943","1 Hour","2018-09-06 03:00:00","0.00","kWh"
"944","1 Hour","2018-09-06 04:00:00","0.00","kWh"
"945","1 Hour","2018-09-06 05:00:00","0.00","kWh"
"946","1 Hour","2018-09-06 06:00:00","0.03","kWh"
"947","1 Hour","2018-09-06 07:00:00","1.33","kWh"
"948","1 Hour","2018-09-06 08:00:00","4.56","kWh"
"949","1 Hour","2018-09-06 09:00:00","7.90","kWh"
"950","1 Hour","2018-09-06 10:00:00","4.19","kWh"
"951","1 Hour","2018-09-06 11:00:00","3.09","kWh"
"952","1 Hour","2018-09-06 12:00:00","2.93","kWh"
"953","1 Hour","2018-09-06 13:00:00","3.00","kWh"
"954","1 Hour","2018-09-06 14:00:00","2.18","kWh"
"955","1 Hour","2018-09-06 15:00:00","0.87","kWh"
"956","1 Hour","2018-09-06 16:00:00","0.52","kWh"
"957","1 Hour","2018-09-06 17:00:00","0.23","kWh"
"958","1 Hour","2018-09-06 18:00:00","0.11","kWh"
"959","1 Hour","2018-09-06 19:00:00","0.00","kWh"
"960","1 Hour","2018-09-06 20:00:00","0.00","kWh"
"961","1 Hour","2018-09-06 21:00:00","0.00","kWh"
"962","1 Hour","2018-09-06 22:00:00","0.00","kWh"
"963","1 Hour","2018-09-06 23:00:00","0.00","kWh"
"964","1 Hour","2018-09-07 00:00:00","0.00","kWh"
"965","1 Hour","2018-09-07 01:00:00","0.00","kWh"
"966","1 Hour","2018-09-07 02:00:00","0.00","kWh"
"967","1 Hour","2018-09-07 03:00:00","0.00","kWh"
"968","1 Hour","2018-09-07 04:00:00","0.00","kWh"
"969","1 Hour","2018-09-07 05:00:00","0.00","kWh"
"970","1 Hour","2018-09-07 06:00:00","0.00","kWh"
"971","1 Hour","2018-09-07 07:00:00","0.01","kWh"
"972","1 Hour","2018-09-07 08:00:00","0.18","kWh"
"973","1 Hour","2018-09-07 09:00:00","2.29","kWh"
"974","1 Hour","2018-09-07 10:00:00","5.19","kWh"
"975","1 Hour","2018-09-07 11:00:00","4.76","kWh"
"976","1 Hour","2018-09-07 12:00:00","5.14","kWh"
"977","1 Hour","2018-09-07 13:00:00","7.40","kWh"
"978","1 Hour","2018-09-07 14:00:00","10.35","kWh"
"979","1 Hour","2018-09-07 15:00:00","6.04","kWh"
"980","1 Hour","2018-09-07 16:00:00","4.31","kWh"
"981","1 Hour","2018-09-07 17:00:00","1.89","kWh"
"982","1 Hour","2018-09-07 18:00:00","0.40","kWh"
"983","1 Hour","2018-09-07 19:00:00","0.03","kWh"
"984","1 Hour","2018-09-07 20:00:00","0.00","kWh"
"985","1 Hour","2018-09-07 21:00:00","0.00","kWh"
"986","1 Hour","2018-09-07 22:00:00","0.00","kWh"
"987","1 Hour","2018-09-07 23:00:00","0.00","kWh"
"988","1 Hour","2018-09-08 00:00:00","0.00","kWh"
"989","1 Hour","2018-09-08 01:00:00","0.00","kWh"
"990","1 Hour","2018-09-08 02:00:00","0.00","kWh"
"991","1 Hour","2018-09-08 03:00:00","0.00","kWh"
"992","1 Hour","2018-09-08 04:00:00","0.00","kWh"
"993","1 Hour","2018-09-08 05:00:00","0.00","kWh"
"994","1 Hour","2018-09-08 06:00:00","0.00","kWh"
"995","1 Hour","2018-09-08 07:00:00","0.29","kWh"
"996","1 Hour","2018-09-08 08:00:00","0.98","kWh"
"997","1 Hour","2018-09-08 09:00:00","1.81","kWh"
"998","1 Hour","2018-09-08 10:00:00","2.82","kWh"
"999","1 Hour","2018-09-08 11:00:00","2.47","kWh"
"1000","1 Hour","2018-09-08 12:00:00","1.60","kWh"
"1001","1 Hour","2018-09-08 13:00:00","1.65","kWh"
"1002","1 Hour","2018-09-08 14:00:00","1.93","kWh"
"1003","1 Hour","2018-09-08 15:00:00","2.76","kWh"
"1004","1 Hour","2018-09-08 16:00:00","1.00","kWh"
"1005","1 Hour","2018-09-08 17:00:00","0.77","kWh"
"1006","1 Hour","2018-09-08 18:00:00","0.37","kWh"
"1007","1 Hour","2018-09-08 19:00:00","0.03","kWh"
"1008","1 Hour","2018-09-08 20:00:00","0.00","kWh"
"1009","1 Hour","2018-09-08 21:00:00","0.00","kWh"
"1010","1 Hour","2018-09-08 22:00:00","0.00","kWh"
"1011","1 Hour","2018-09-08 23:00:00","0.00","kWh"
"1012","1 Hour","2018-09-09 00:00:00","0.00","kWh"
"1013","1 Hour","2018-09-09 01:00:00","0.00","kWh"
"1014","1 Hour","2018-09-09 02:00:00","0.00","kWh"
"1015","1 Hour","2018-09-09 03:00:00","0.00","kWh"
"1016","1 Hour","2018-09-09 04:00:00","0.00","kWh"
"1017","1 Hour","2018-09-09 05:00:00","0.00","kWh"
"1018","1 Hour","2018-09-09 06:00:00","0.00","kWh"
"1019","1 Hour","2018-09-09 07:00:00","0.08","kWh"
"1020","1 Hour","2018-09-09 08:00:00","0.91","kWh"
"1021","1 Hour","2018-09-09 09:00:00","1.74","kWh"
"1022","1 Hour","2018-09-09 10:00:00","2.86","kWh"
"1023","1 Hour","2018-09-09 11:00:00","5.87","kWh"
"1024","1 Hour","2018-09-09 12:00:00","4.54","kWh"
"1025","1 Hour","2018-09-09 13:00:00","2.50","kWh"
"1026","1 Hour","2018-09-09 14:00:00","2.33","kWh"
"1027","1 Hour","2018-09-09 15:00:00","1.19","kWh"
"1028","1 Hour","2018-09-09 16:00:00","0.90","kWh"
"1029","1 Hour","2018-09-09 17:00:00","1.07","kWh"
"1030","1 Hour","2018-09-09 18:00:00","0.88","kWh"
"1031","1 Hour","2018-09-09 19:00:00","0.07","kWh"
"1032","1 Hour","2018-09-09 20:00:00","0.00","kWh"
"1033","1 Hour","2018-09-09 21:00:00","0.00","kWh"
"1034","1 Hour","2018-09-09 22:00:00","0.00","kWh"
"1035","1 Hour","2018-09-09 23:00:00","0.00","kWh"
"1036","1 Hour","2018-09-10 00:00:00","0.00","kWh"
"1037","1 Hour","2018-09-10 01:00:00","0.00","kWh"
"1038","1 Hour","2018-09-10 02:00:00","0.00","kWh"
"1039","1 Hour","2018-09-10 03:00:00","0.00","kWh"
"1040","1 Hour","2018-09-10 04:00:00","0.00","kWh"
"1041","1 Hour","2018-09-10 05:00:00","0.00","kWh"
"1042","1 Hour","2018-09-10 06:00:00","0.03","kWh"
"1043","1 Hour","2018-09-10 07:00:00","0.88","kWh"
"1044","1 Hour","2018-09-10 08:00:00","2.40","kWh"
"1045","1 Hour","2018-09-10 09:00:00","4.60","kWh"
"1046","1 Hour","2018-09-10 10:00:00","0.70","kWh"
"1047","1 Hour","2018-09-10 11:00:00","0.00","kWh"
"1048","1 Hour","2018-09-10 12:00:00","0.00","kWh"
"1049","1 Hour","2018-09-10 13:00:00","0.00","kWh"
"1050","1 Hour","2018-09-10 14:00:00","0.00","kWh"
"1051","1 Hour","2018-09-10 15:00:00","0.00","kWh"
"1052","1 Hour","2018-09-10 16:00:00","0.00","kWh"
"1053","1 Hour","2018-09-10 17:00:00","0.00","kWh"
"1054","1 Hour","2018-09-10 18:00:00","0.00","kWh"
"1055","1 Hour","2018-09-10 19:00:00","0.00","kWh"
"1056","1 Hour","2018-09-10 20:00:00","0.00","kWh"
"1057","1 Hour","2018-09-10 21:00:00","0.00","kWh"
"1058","1 Hour","2018-09-10 22:00:00","0.00","kWh"
"1059","1 Hour","2018-09-10 23:00:00","0.00","kWh"
"1060","1 Hour","2018-09-11 00:00:00","0.00","kWh"
"1061","1 Hour","2018-09-11 01:00:00","0.00","kWh"
"1062","1 Hour","2018-09-11 02:00:00","0.00","kWh"
"1063","1 Hour","2018-09-11 03:00:00","0.00","kWh"
"1064","1 Hour","2018-09-11 04:00:00","0.00","kWh"
"1065","1 Hour","2018-09-11 05:00:00","0.00","kWh"
"1066","1 Hour","2018-09-11 06:00:00","0.00","kWh"
"1067","1 Hour","2018-09-11 07:00:00","0.00","kWh"
"1068","1 Hour","2018-09-11 08:00:00","0.00","kWh"
"1069","1 Hour","2018-09-11 09:00:00","0.00","kWh"
"1070","1 Hour","2018-09-11 10:00:00","0.00","kWh"
"1071","1 Hour","2018-09-11 11:00:00","0.00","kWh"
"1072","1 Hour","2018-09-11 12:00:00","0.00","kWh"
"1073","1 Hour","2018-09-11 13:00:00","0.00","kWh"
"1074","1 Hour","2018-09-11 14:00:00","0.00","kWh"
"1075","1 Hour","2018-09-11 15:00:00","0.00","kWh"
"1076","1 Hour","2018-09-11 16:00:00","0.00","kWh"
"1077","1 Hour","2018-09-11 17:00:00","0.00","kWh"
"1078","1 Hour","2018-09-11 18:00:00","0.15","kWh"
"1079","1 Hour","2018-09-11 19:00:00","0.14","kWh"
"1080","1 Hour","2018-09-11 20:00:00","0.00","kWh"
"1081","1 Hour","2018-09-11 21:00:00","0.00","kWh"
"1082","1 Hour","2018-09-11 22:00:00","0.00","kWh"
"1083","1 Hour","2018-09-11 23:00:00","0.00","kWh"
"1084","1 Hour","2018-09-12 00:00:00","0.00","kWh"
"1085","1 Hour","2018-09-12 01:00:00","0.00","kWh"
"1086","1 Hour","2018-09-12 02:00:00","0.00","kWh"
"1087","1 Hour","2018-09-12 03:00:00","0.00","kWh"
"1088","1 Hour","2018-09-12 04:00:00","0.00","kWh"
"1089","1 Hour","2018-09-12 05:00:00","0.00","kWh"
"1090","1 Hour","2018-09-12 06:00:00","0.00","kWh"
"1091","1 Hour","2018-09-12 07:00:00","0.00","kWh"
"1092","1 Hour","2018-09-12 08:00:00","0.00","kWh"
"1093","1 Hour","2018-09-12 09:00:00","2.72","kWh"
"1094","1 Hour","2018-09-12 10:00:00","2.83","kWh"
"1095","1 Hour","2018-09-12 12:00:00","16.75","kWh"
"1096","1 Hour","2018-09-12 13:00:00","21.25","kWh"
"1097","1 Hour","2018-09-12 14:00:00","18.40","kWh"
"1098","1 Hour","2018-09-12 15:00:00","14.51","kWh"
"1099","1 Hour","2018-09-12 16:00:00","10.48","kWh"
"1100","1 Hour","2018-09-12 17:00:00","6.07","kWh"
"1101","1 Hour","2018-09-12 18:00:00","1.40","kWh"
"1102","1 Hour","2018-09-12 19:00:00","0.11","kWh"
"1103","1 Hour","2018-09-12 20:00:00","0.00","kWh"
"1104","1 Hour","2018-09-12 21:00:00","0.00","kWh"
"1105","1 Hour","2018-09-12 22:00:00","0.00","kWh"
"1106","1 Hour","2018-09-12 23:00:00","0.00","kWh"
"1107","1 Hour","2018-09-13 00:00:00","0.00","kWh"
"1108","1 Hour","2018-09-13 01:00:00","0.00","kWh"
"1109","1 Hour","2018-09-13 02:00:00","0.00","kWh"
"1110","1 Hour","2018-09-13 03:00:00","0.00","kWh"
"1111","1 Hour","2018-09-13 04:00:00","0.00","kWh"
"1112","1 Hour","2018-09-13 05:00:00","0.00","kWh"
"1113","1 Hour","2018-09-13 06:00:00","0.03","kWh"
"1114","1 Hour","2018-09-13 07:00:00","1.67","kWh"
"1115","1 Hour","2018-09-13 08:00:00","6.47","kWh"
"1116","1 Hour","2018-09-13 09:00:00","11.81","kWh"
"1117","1 Hour","2018-09-13 10:00:00","16.03","kWh"
"1118","1 Hour","2018-09-13 11:00:00","19.42","kWh"
"1119","1 Hour","2018-09-13 12:00:00","21.06","kWh"
"1120","1 Hour","2018-09-13 13:00:00","21.94","kWh"
"1121","1 Hour","2018-09-13 14:00:00","19.98","kWh"
"1122","1 Hour","2018-09-13 15:00:00","16.17","kWh"
"1123","1 Hour","2018-09-13 16:00:00","11.39","kWh"
"1124","1 Hour","2018-09-13 17:00:00","6.58","kWh"
"1125","1 Hour","2018-09-13 18:00:00","2.07","kWh"
"1126","1 Hour","2018-09-13 19:00:00","0.08","kWh"
"1127","1 Hour","2018-09-13 20:00:00","0.00","kWh"
"1128","1 Hour","2018-09-13 21:00:00","0.00","kWh"
"1129","1 Hour","2018-09-13 22:00:00","0.00","kWh"
"1130","1 Hour","2018-09-13 23:00:00","0.00","kWh"
"1131","1 Hour","2018-09-14 00:00:00","0.00","kWh"
"1132","1 Hour","2018-09-14 01:00:00","0.00","kWh"
"1133","1 Hour","2018-09-14 02:00:00","0.00","kWh"
"1134","1 Hour","2018-09-14 03:00:00","0.00","kWh"
"1135","1 Hour","2018-09-14 04:00:00","0.00","kWh"
"1136","1 Hour","2018-09-14 05:00:00","0.00","kWh"
"1137","1 Hour","2018-09-14 06:00:00","0.01","kWh"
"1138","1 Hour","2018-09-14 07:00:00","1.41","kWh"
"1139","1 Hour","2018-09-14 08:00:00","6.17","kWh"
"1140","1 Hour","2018-09-14 09:00:00","11.25","kWh"
"1141","1 Hour","2018-09-14 10:00:00","15.50","kWh"
"1142","1 Hour","2018-09-14 11:00:00","18.47","kWh"
"1143","1 Hour","2018-09-14 12:00:00","20.19","kWh"
"1144","1 Hour","2018-09-14 13:00:00","21.34","kWh"
"1145","1 Hour","2018-09-14 14:00:00","19.39","kWh"
"1146","1 Hour","2018-09-14 15:00:00","15.47","kWh"
"1147","1 Hour","2018-09-14 16:00:00","10.72","kWh"
"1148","1 Hour","2018-09-14 17:00:00","1.80","kWh"
"1149","1 Hour","2018-09-14 18:00:00","0.96","kWh"
"1150","1 Hour","2018-09-14 19:00:00","0.02","kWh"
"1151","1 Hour","2018-09-14 20:00:00","0.00","kWh"
"1152","1 Hour","2018-09-14 21:00:00","0.00","kWh"
"1153","1 Hour","2018-09-14 22:00:00","0.00","kWh"
"1154","1 Hour","2018-09-14 23:00:00","0.00","kWh"
"1155","1 Hour","2018-09-15 00:00:00","0.00","kWh"
"1156","1 Hour","2018-09-15 01:00:00","0.00","kWh"
"1157","1 Hour","2018-09-15 02:00:00","0.00","kWh"
"1158","1 Hour","2018-09-15 03:00:00","0.00","kWh"
"1159","1 Hour","2018-09-15 04:00:00","0.00","kWh"
"1160","1 Hour","2018-09-15 05:00:00","0.00","kWh"
"1161","1 Hour","2018-09-15 06:00:00","0.03","kWh"
"1162","1 Hour","2018-09-15 07:00:00","1.31","kWh"
"1163","1 Hour","2018-09-15 08:00:00","6.08","kWh"
"1164","1 Hour","2018-09-15 09:00:00","10.05","kWh"
"1165","1 Hour","2018-09-15 10:00:00","14.53","kWh"
"1166","1 Hour","2018-09-15 11:00:00","10.85","kWh"
"1167","1 Hour","2018-09-15 12:00:00","9.37","kWh"
"1168","1 Hour","2018-09-15 13:00:00","14.06","kWh"
"1169","1 Hour","2018-09-15 14:00:00","16.93","kWh"
"1170","1 Hour","2018-09-15 15:00:00","11.70","kWh"
"1171","1 Hour","2018-09-15 16:00:00","7.68","kWh"
"1172","1 Hour","2018-09-15 17:00:00","4.75","kWh"
"1173","1 Hour","2018-09-15 18:00:00","1.56","kWh"
"1174","1 Hour","2018-09-15 19:00:00","0.01","kWh"
"1175","1 Hour","2018-09-15 20:00:00","0.00","kWh"
"1176","1 Hour","2018-09-15 21:00:00","0.00","kWh"
"1177","1 Hour","2018-09-15 22:00:00","0.00","kWh"
"1178","1 Hour","2018-09-15 23:00:00","0.00","kWh"
"1179","1 Hour","2018-09-16 00:00:00","0.00","kWh"
"1180","1 Hour","2018-09-16 01:00:00","0.00","kWh"
"1181","1 Hour","2018-09-16 02:00:00","0.00","kWh"
"1182","1 Hour","2018-09-16 03:00:00","0.00","kWh"
"1183","1 Hour","2018-09-16 04:00:00","0.00","kWh"
"1184","1 Hour","2018-09-16 05:00:00","0.00","kWh"
"1185","1 Hour","2018-09-16 06:00:00","0.01","kWh"
"1186","1 Hour","2018-09-16 07:00:00","0.38","kWh"
"1187","1 Hour","2018-09-16 08:00:00","2.26","kWh"
"1188","1 Hour","2018-09-16 09:00:00","6.13","kWh"
"1189","1 Hour","2018-09-16 10:00:00","14.90","kWh"
"1190","1 Hour","2018-09-16 11:00:00","19.16","kWh"
"1191","1 Hour","2018-09-16 12:00:00","16.12","kWh"
"1192","1 Hour","2018-09-16 13:00:00","20.76","kWh"
"1193","1 Hour","2018-09-16 14:00:00","15.40","kWh"
"1194","1 Hour","2018-09-16 15:00:00","17.22","kWh"
"1195","1 Hour","2018-09-16 16:00:00","8.23","kWh"
"1196","1 Hour","2018-09-16 17:00:00","3.46","kWh"
"1197","1 Hour","2018-09-16 18:00:00","1.46","kWh"
"1198","1 Hour","2018-09-16 19:00:00","0.01","kWh"
"1199","1 Hour","2018-09-16 20:00:00","0.00","kWh"
"1200","1 Hour","2018-09-16 21:00:00","0.00","kWh"
"1201","1 Hour","2018-09-16 22:00:00","0.00","kWh"
"1202","1 Hour","2018-09-16 23:00:00","0.00","kWh"
"1203","1 Hour","2018-09-17 00:00:00","0.00","kWh"
"1204","1 Hour","2018-09-17 01:00:00","0.00","kWh"
"1205","1 Hour","2018-09-17 02:00:00","0.00","kWh"
"1206","1 Hour","2018-09-17 03:00:00","0.00","kWh"
"1207","1 Hour","2018-09-17 04:00:00","0.00","kWh"
"1208","1 Hour","2018-09-17 05:00:00","0.00","kWh"
"1209","1 Hour","2018-09-17 06:00:00","0.02","kWh"
"1210","1 Hour","2018-09-17 07:00:00","1.53","kWh"
"1211","1 Hour","2018-09-17 08:00:00","6.37","kWh"
"1212","1 Hour","2018-09-17 09:00:00","12.26","kWh"
"1213","1 Hour","2018-09-17 10:00:00","15.84","kWh"
"1214","1 Hour","2018-09-17 11:00:00","19.03","kWh"
"1215","1 Hour","2018-09-17 12:00:00","13.79","kWh"
"1216","1 Hour","2018-09-17 13:00:00","13.34","kWh"
"1217","1 Hour","2018-09-17 14:00:00","19.19","kWh"
"1218","1 Hour","2018-09-17 15:00:00","15.86","kWh"
"1219","1 Hour","2018-09-17 16:00:00","9.54","kWh"
"1220","1 Hour","2018-09-17 17:00:00","6.39","kWh"
"1221","1 Hour","2018-09-17 18:00:00","1.29","kWh"
"1222","1 Hour","2018-09-17 19:00:00","0.05","kWh"
"1223","1 Hour","2018-09-17 20:00:00","0.00","kWh"
"1224","1 Hour","2018-09-17 21:00:00","0.00","kWh"
"1225","1 Hour","2018-09-17 22:00:00","0.00","kWh"
"1226","1 Hour","2018-09-17 23:00:00","0.00","kWh"
"1227","1 Hour","2018-09-18 00:00:00","0.00","kWh"
"1228","1 Hour","2018-09-18 01:00:00","0.00","kWh"
"1229","1 Hour","2018-09-18 02:00:00","0.00","kWh"
"1230","1 Hour","2018-09-18 03:00:00","0.00","kWh"
"1231","1 Hour","2018-09-18 04:00:00","0.00","kWh"
"1232","1 Hour","2018-09-18 05:00:00","0.00","kWh"
"1233","1 Hour","2018-09-18 06:00:00","0.00","kWh"
"1234","1 Hour","2018-09-18 07:00:00","1.25","kWh"
"1235","1 Hour","2018-09-18 08:00:00","5.30","kWh"
"1236","1 Hour","2018-09-18 09:00:00","10.92","kWh"
"1237","1 Hour","2018-09-18 10:00:00","15.34","kWh"
"1238","1 Hour","2018-09-18 11:00:00","16.57","kWh"
"1239","1 Hour","2018-09-18 12:00:00","18.53","kWh"
"1240","1 Hour","2018-09-18 13:00:00","21.04","kWh"
"1241","1 Hour","2018-09-18 14:00:00","18.37","kWh"
"1242","1 Hour","2018-09-18 15:00:00","13.43","kWh"
"1243","1 Hour","2018-09-18 16:00:00","10.23","kWh"
"1244","1 Hour","2018-09-18 17:00:00","4.05","kWh"
"1245","1 Hour","2018-09-18 18:00:00","1.09","kWh"
"1246","1 Hour","2018-09-18 19:00:00","0.02","kWh"
"1247","1 Hour","2018-09-18 20:00:00","0.00","kWh"
"1248","1 Hour","2018-09-18 21:00:00","0.00","kWh"
"1249","1 Hour","2018-09-18 22:00:00","0.00","kWh"
"1250","1 Hour","2018-09-18 23:00:00","0.00","kWh"
"1251","1 Hour","2018-09-19 00:00:00","0.00","kWh"
"1252","1 Hour","2018-09-19 01:00:00","0.00","kWh"
"1253","1 Hour","2018-09-19 02:00:00","0.00","kWh"
"1254","1 Hour","2018-09-19 03:00:00","0.00","kWh"
"1255","1 Hour","2018-09-19 04:00:00","0.00","kWh"
"1256","1 Hour","2018-09-19 05:00:00","0.00","kWh"
"1257","1 Hour","2018-09-19 06:00:00","0.01","kWh"
"1258","1 Hour","2018-09-19 07:00:00","1.32","kWh"
"1259","1 Hour","2018-09-19 08:00:00","5.95","kWh"
"1260","1 Hour","2018-09-19 09:00:00","11.25","kWh"
"1261","1 Hour","2018-09-19 10:00:00","15.92","kWh"
"1262","1 Hour","2018-09-19 11:00:00","18.93","kWh"
"1263","1 Hour","2018-09-19 12:00:00","20.64","kWh"
"1264","1 Hour","2018-09-19 13:00:00","21.08","kWh"
"1265","1 Hour","2018-09-19 14:00:00","18.95","kWh"
"1266","1 Hour","2018-09-19 15:00:00","15.51","kWh"
"1267","1 Hour","2018-09-19 16:00:00","10.71","kWh"
"1268","1 Hour","2018-09-19 17:00:00","5.27","kWh"
"1269","1 Hour","2018-09-19 18:00:00","1.13","kWh"
"1270","1 Hour","2018-09-19 19:00:00","0.01","kWh"
"1271","1 Hour","2018-09-19 20:00:00","0.00","kWh"
"1272","1 Hour","2018-09-19 21:00:00","0.00","kWh"
"1273","1 Hour","2018-09-19 22:00:00","0.00","kWh"
"1274","1 Hour","2018-09-19 23:00:00","0.00","kWh"
"1275","1 Hour","2018-09-20 00:00:00","0.00","kWh"
"1276","1 Hour","2018-09-20 01:00:00","0.00","kWh"
"1277","1 Hour","2018-09-20 02:00:00","0.00","kWh"
"1278","1 Hour","2018-09-20 03:00:00","0.00","kWh"
"1279","1 Hour","2018-09-20 04:00:00","0.00","kWh"
"1280","1 Hour","2018-09-20 05:00:00","0.00","kWh"
"1281","1 Hour","2018-09-20 06:00:00","0.00","kWh"
"1282","1 Hour","2018-09-20 07:00:00","1.21","kWh"
"1283","1 Hour","2018-09-20 08:00:00","5.53","kWh"
"1284","1 Hour","2018-09-20 09:00:00","11.14","kWh"
"1285","1 Hour","2018-09-20 10:00:00","15.33","kWh"
"1286","1 Hour","2018-09-20 11:00:00","18.35","kWh"
"1287","1 Hour","2018-09-20 12:00:00","19.96","kWh"
"1288","1 Hour","2018-09-20 13:00:00","20.55","kWh"
"1289","1 Hour","2018-09-20 14:00:00","18.55","kWh"
"1290","1 Hour","2018-09-20 15:00:00","14.91","kWh"
"1291","1 Hour","2018-09-20 16:00:00","9.84","kWh"
"1292","1 Hour","2018-09-20 17:00:00","4.99","kWh"
"1293","1 Hour","2018-09-20 18:00:00","1.06","kWh"
"1294","1 Hour","2018-09-20 19:00:00","0.01","kWh"
"1295","1 Hour","2018-09-20 20:00:00","0.00","kWh"
"1296","1 Hour","2018-09-20 21:00:00","0.00","kWh"
"1297","1 Hour","2018-09-20 22:00:00","0.00","kWh"
"1298","1 Hour","2018-09-20 23:00:00","0.00","kWh"
"1299","1 Hour","2018-09-21 00:00:00","0.00","kWh"
"1300","1 Hour","2018-09-21 01:00:00","0.00","kWh"
"1301","1 Hour","2018-09-21 02:00:00","0.00","kWh"
"1302","1 Hour","2018-09-21 03:00:00","0.00","kWh"
"1303","1 Hour","2018-09-21 04:00:00","0.00","kWh"
"1304","1 Hour","2018-09-21 05:00:00","0.00","kWh"
"1305","1 Hour","2018-09-21 06:00:00","0.00","kWh"
"1306","1 Hour","2018-09-21 07:00:00","1.08","kWh"
"1307","1 Hour","2018-09-21 08:00:00","5.18","kWh"
"1308","1 Hour","2018-09-21 09:00:00","10.63","kWh"
"1309","1 Hour","2018-09-21 10:00:00","14.88","kWh"
"1310","1 Hour","2018-09-21 11:00:00","17.97","kWh"
"1311","1 Hour","2018-09-21 12:00:00","19.80","kWh"
"1312","1 Hour","2018-09-21 13:00:00","20.56","kWh"
"1313","1 Hour","2018-09-21 14:00:00","18.55","kWh"
"1314","1 Hour","2018-09-21 15:00:00","15.09","kWh"
"1315","1 Hour","2018-09-21 16:00:00","10.56","kWh"
"1316","1 Hour","2018-09-21 17:00:00","5.25","kWh"
"1317","1 Hour","2018-09-21 18:00:00","1.02","kWh"
"1318","1 Hour","2018-09-21 19:00:00","0.01","kWh"
"1319","1 Hour","2018-09-21 20:00:00","0.00","kWh"
"1320","1 Hour","2018-09-21 21:00:00","0.00","kWh"
"1321","1 Hour","2018-09-21 22:00:00","0.00","kWh"
"1322","1 Hour","2018-09-21 23:00:00","0.00","kWh"
"1323","1 Hour","2018-09-22 00:00:00","0.00","kWh"
"1324","1 Hour","2018-09-22 01:00:00","0.00","kWh"
"1325","1 Hour","2018-09-22 02:00:00","0.00","kWh"
"1326","1 Hour","2018-09-22 03:00:00","0.00","kWh"
"1327","1 Hour","2018-09-22 04:00:00","0.00","kWh"
"1328","1 Hour","2018-09-22 05:00:00","0.00","kWh"
"1329","1 Hour","2018-09-22 06:00:00","0.00","kWh"
"1330","1 Hour","2018-09-22 07:00:00","1.03","kWh"
"1331","1 Hour","2018-09-22 08:00:00","5.25","kWh"
"1332","1 Hour","2018-09-22 09:00:00","10.02","kWh"
"1333","1 Hour","2018-09-22 10:00:00","15.00","kWh"
"1334","1 Hour","2018-09-22 11:00:00","17.09","kWh"
"1335","1 Hour","2018-09-22 12:00:00","7.16","kWh"
"1336","1 Hour","2018-09-22 13:00:00","2.80","kWh"
"1337","1 Day","2018-07-27 00:00:00","29.18","kWh"
"1338","1 Day","2018-07-27 00:00:00","247.10","kWh"
"1339","1 Day","2018-07-27 00:00:00","41.90","kWh"
"1340","1 Day","2018-07-28 00:00:00","92.55","kWh"
"1341","1 Day","2018-07-28 00:00:00","300.00","kWh"
"1342","1 Day","2018-07-28 00:00:00","48.34","kWh"
"1343","1 Day","2018-07-29 00:00:00","173.33","kWh"
"1344","1 Day","2018-07-29 00:00:00","246.70","kWh"
"1345","1 Day","2018-07-29 00:00:00","46.93","kWh"
"1346","1 Day","2018-07-30 00:00:00","98.20","kWh"
"1347","1 Day","2018-07-30 00:00:00","298.00","kWh"
"1348","1 Day","2018-07-30 00:00:00","53.88","kWh"
"1349","1 Day","2018-07-31 00:00:00","99.63","kWh"
"1350","1 Day","2018-07-31 00:00:00","294.20","kWh"
"1351","1 Day","2018-07-31 00:00:00","50.25","kWh"
"1352","1 Day","2018-08-01 00:00:00","17.49","kWh"
"1353","1 Day","2018-08-01 00:00:00","147.10","kWh"
"1354","1 Day","2018-08-01 00:00:00","49.61","kWh"
"1355","1 Day","2018-08-02 00:00:00","70.97","kWh"
"1356","1 Day","2018-08-02 00:00:00","278.40","kWh"
"1357","1 Day","2018-08-02 00:00:00","25.52","kWh"
"1358","1 Day","2018-08-03 00:00:00","2.00","kWh"
"1359","1 Day","2018-08-03 00:00:00","107.30","kWh"
"1360","1 Day","2018-08-03 00:00:00","200.00","kWh"
"1361","1 Day","2018-08-04 00:00:00","25.48","kWh"
"1362","1 Day","2018-08-04 00:00:00","229.50","kWh"
"1363","1 Day","2018-08-04 00:00:00","149.04","kWh"
"1364","1 Day","2018-08-05 00:00:00","42.92","kWh"
"1365","1 Day","2018-08-05 00:00:00","75.80","kWh"
"1366","1 Day","2018-08-05 00:00:00","97.65","kWh"
"1367","1 Day","2018-08-06 00:00:00","51.08","kWh"
"1368","1 Day","2018-08-06 00:00:00","81.50","kWh"
"1369","1 Day","2018-08-06 00:00:00","50.80","kWh"
"1370","1 Day","2018-08-07 00:00:00","0.00","kWh"
"1371","1 Day","2018-08-07 00:00:00","0.00","kWh"
"1372","1 Day","2018-08-07 00:00:00","50.80","kWh"
"1373","1 Day","2018-08-08 00:00:00","0.00","kWh"
"1374","1 Day","2018-08-08 00:00:00","0.00","kWh"
"1375","1 Day","2018-08-08 00:00:00","50.80","kWh"
"1376","1 Day","2018-08-09 00:00:00","1.44","kWh"
"1377","1 Day","2018-08-09 00:00:00","19.30","kWh"
"1378","1 Day","2018-08-09 00:00:00","59.00","kWh"
"1379","1 Day","2018-08-10 00:00:00","52.14","kWh"
"1380","1 Day","2018-08-10 00:00:00","65.50","kWh"
"1381","1 Day","2018-08-10 00:00:00","60.98","kWh"
"1382","1 Day","2018-08-11 00:00:00","2.97","kWh"
"1383","1 Day","2018-08-11 00:00:00","23.00","kWh"
"1384","1 Day","2018-08-11 00:00:00","70.60","kWh"
"1385","1 Day","2018-08-12 00:00:00","43.29","kWh"
"1386","1 Day","2018-08-12 00:00:00","72.20","kWh"
"1387","1 Day","2018-08-12 00:00:00","56.96","kWh"
"1388","1 Day","2018-08-13 00:00:00","15.92","kWh"
"1389","1 Day","2018-08-13 00:00:00","64.70","kWh"
"1390","1 Day","2018-08-13 00:00:00","135.96","kWh"
"1391","1 Day","2018-08-14 00:00:00","40.00","kWh"
"1392","1 Day","2018-08-14 00:00:00","66.30","kWh"
"1393","1 Day","2018-08-14 00:00:00","79.11","kWh"
"1394","1 Day","2018-08-15 00:00:00","39.97","kWh"
"1395","1 Day","2018-08-15 00:00:00","73.60","kWh"
"1396","1 Day","2018-08-15 00:00:00","70.04","kWh"
"1397","1 Day","2018-08-16 00:00:00","22.16","kWh"
"1398","1 Day","2018-08-16 00:00:00","60.40","kWh"
"1399","1 Day","2018-08-16 00:00:00","95.21","kWh"
"1400","1 Day","2018-08-17 00:00:00","20.53","kWh"
"1401","1 Day","2018-08-17 00:00:00","102.50","kWh"
"1402","1 Day","2018-08-17 00:00:00","50.83","kWh"
"1403","1 Day","2018-08-18 00:00:00","29.88","kWh"
"1404","1 Day","2018-08-18 00:00:00","60.90","kWh"
"1405","1 Day","2018-08-18 00:00:00","58.82","kWh"
"1406","1 Day","2018-08-19 00:00:00","103.93","kWh"
"1407","1 Day","2018-08-19 00:00:00","237.00","kWh"
"1408","1 Day","2018-08-19 00:00:00","27.32","kWh"
"1409","1 Day","2018-08-20 00:00:00","43.27","kWh"
"1410","1 Day","2018-08-20 00:00:00","67.40","kWh"
"1411","1 Day","2018-08-20 00:00:00","39.94","kWh"
"1412","1 Day","2018-08-21 00:00:00","39.17","kWh"
"1413","1 Day","2018-08-21 00:00:00","198.60","kWh"
"1414","1 Day","2018-08-21 00:00:00","101.37","kWh"
"1415","1 Day","2018-08-22 00:00:00","49.48","kWh"
"1416","1 Day","2018-08-22 00:00:00","77.20","kWh"
"1417","1 Day","2018-08-22 00:00:00","47.37","kWh"
"1418","1 Day","2018-08-23 00:00:00","48.02","kWh"
"1419","1 Day","2018-08-23 00:00:00","72.20","kWh"
"1420","1 Day","2018-08-23 00:00:00","47.73","kWh"
"1421","1 Day","2018-08-24 00:00:00","43.43","kWh"
"1422","1 Day","2018-08-24 00:00:00","78.20","kWh"
"1423","1 Day","2018-08-24 00:00:00","73.24","kWh"
"1424","1 Day","2018-08-25 00:00:00","42.47","kWh"
"1425","1 Day","2018-08-25 00:00:00","85.80","kWh"
"1426","1 Day","2018-08-25 00:00:00","71.37","kWh"
"1427","1 Day","2018-08-26 00:00:00","44.43","kWh"
"1428","1 Day","2018-08-26 00:00:00","58.70","kWh"
"1429","1 Day","2018-08-26 00:00:00","64.82","kWh"
"1430","1 Day","2018-08-27 00:00:00","10.07","kWh"
"1431","1 Day","2018-08-27 00:00:00","28.00","kWh"
"1432","1 Day","2018-08-27 00:00:00","67.47","kWh"
"1433","1 Day","2018-08-28 00:00:00","12.03","kWh"
"1434","1 Day","2018-08-28 00:00:00","40.50","kWh"
"1435","1 Day","2018-08-28 00:00:00","84.64","kWh"
"1436","1 Day","2018-08-29 00:00:00","128.22","kWh"
"1437","1 Day","2018-08-29 00:00:00","272.80","kWh"
"1438","1 Day","2018-08-29 00:00:00","20.39","kWh"
"1439","1 Day","2018-08-30 00:00:00","43.48","kWh"
"1440","1 Day","2018-08-30 00:00:00","66.60","kWh"
"1441","1 Day","2018-08-30 00:00:00","54.06","kWh"
"1442","1 Day","2018-08-31 00:00:00","41.20","kWh"
"1443","1 Day","2018-08-31 00:00:00","62.70","kWh"
"1444","1 Day","2018-08-31 00:00:00","81.69","kWh"
"1445","1 Day","2018-09-01 00:00:00","41.75","kWh"
"1446","1 Day","2018-09-01 00:00:00","61.90","kWh"
"1447","1 Day","2018-09-01 00:00:00","42.37","kWh"
"1448","1 Day","2018-09-02 00:00:00","43.58","kWh"
"1449","1 Day","2018-09-02 00:00:00","71.50","kWh"
"1450","1 Day","2018-09-02 00:00:00","48.92","kWh"
"1451","1 Day","2018-09-03 00:00:00","47.30","kWh"
"1452","1 Day","2018-09-03 00:00:00","198.90","kWh"
"1453","1 Day","2018-09-03 00:00:00","50.84","kWh"
"1454","1 Day","2018-09-04 00:00:00","155.69","kWh"
"1455","1 Day","2018-09-04 00:00:00","237.80","kWh"
"1456","1 Day","2018-09-04 00:00:00","41.20","kWh"
"1457","1 Day","2018-09-05 00:00:00","57.84","kWh"
"1458","1 Day","2018-09-05 00:00:00","207.00","kWh"
"1459","1 Day","2018-09-05 00:00:00","49.60","kWh"
"1460","1 Day","2018-09-06 00:00:00","30.94","kWh"
"1461","1 Day","2018-09-06 00:00:00","123.40","kWh"
"1462","1 Day","2018-09-06 00:00:00","78.07","kWh"
"1463","1 Day","2018-09-07 00:00:00","47.99","kWh"
"1464","1 Day","2018-09-07 00:00:00","219.10","kWh"
"1465","1 Day","2018-09-07 00:00:00","58.98","kWh"
"1466","1 Day","2018-09-08 00:00:00","18.48","kWh"
"1467","1 Day","2018-09-08 00:00:00","36.90","kWh"
"1468","1 Day","2018-09-08 00:00:00","21.24","kWh"
"1469","1 Day","2018-09-09 00:00:00","24.94","kWh"
"1470","1 Day","2018-09-09 00:00:00","75.70","kWh"
"1471","1 Day","2018-09-09 00:00:00","47.94","kWh"
"1472","1 Day","2018-09-10 00:00:00","8.61","kWh"
"1473","1 Day","2018-09-10 00:00:00","68.90","kWh"
"1474","1 Day","2018-09-10 00:00:00","52.38","kWh"
"1475","1 Day","2018-09-11 00:00:00","0.29","kWh"
"1476","1 Day","2018-09-11 00:00:00","9.40","kWh"
"1477","1 Day","2018-09-11 00:00:00","48.72","kWh"
"1478","1 Day","2018-09-12 00:00:00","94.52","kWh"
"1479","1 Day","2018-09-12 00:00:00","230.90","kWh"
"1480","1 Day","2018-09-12 00:00:00","48.93","kWh"
"1481","1 Day","2018-09-13 00:00:00","154.70","kWh"
"1482","1 Day","2018-09-13 00:00:00","224.80","kWh"
"1483","1 Day","2018-09-13 00:00:00","17.56","kWh"
"1484","1 Day","2018-09-14 00:00:00","142.70","kWh"
"1485","1 Day","2018-09-14 00:00:00","218.60","kWh"
"1486","1 Day","2018-09-14 00:00:00","19.47","kWh"
"1487","1 Day","2018-09-15 00:00:00","108.91","kWh"
"1488","1 Day","2018-09-15 00:00:00","291.50","kWh"
"1489","1 Day","2018-09-15 00:00:00","14.60","kWh"
"1490","1 Day","2018-09-16 00:00:00","125.50","kWh"
"1491","1 Day","2018-09-16 00:00:00","300.00","kWh"
"1492","1 Day","2018-09-16 00:00:00","15.62","kWh"
"1493","1 Day","2018-09-17 00:00:00","134.50","kWh"
"1494","1 Day","2018-09-17 00:00:00","258.60","kWh"
"1495","1 Day","2018-09-17 00:00:00","23.57","kWh"
"1496","1 Day","2018-09-18 00:00:00","136.14","kWh"
"1497","1 Day","2018-09-18 00:00:00","222.20","kWh"
"1498","1 Day","2018-09-18 00:00:00","22.29","kWh"
"1499","1 Day","2018-09-19 00:00:00","146.68","kWh"
"1500","1 Day","2018-09-19 00:00:00","217.40","kWh"
"1501","1 Day","2018-09-19 00:00:00","20.55","kWh"
"1502","1 Day","2018-09-20 00:00:00","141.43","kWh"
"1503","1 Day","2018-09-20 00:00:00","212.20","kWh"
"1504","1 Day","2018-09-20 00:00:00","17.31","kWh"
"1505","1 Day","2018-09-21 00:00:00","140.58","kWh"
"1506","1 Day","2018-09-21 00:00:00","210.30","kWh"
"1507","1 Day","2018-09-21 00:00:00","20.02","kWh"
"1508","1 Month","2018-07-01 00:00:00","492.89","kWh"
"1509","1 Month","2018-08-01 00:00:00","1127.44","kWh"
